2021-08-16 12:04:21, 75833, 94600
2021-08-16 12:04:22, 75492, 95031
2021-08-16 12:04:22, 76870, 94600
2021-08-16 12:04:23, 75833, 94600
2021-08-16 12:04:24, 75833, 94600
2021-08-16 12:04:24, 75833, 94600
2021-08-16 12:04:25, 76176, 94171
2021-08-16 12:04:26, 75833, 94171
2021-08-16 12:04:26, 75833, 94600
2021-08-16 12:04:27, 76176, 94171
2021-08-16 12:04:28, 76176, 94171
2021-08-16 12:04:29, 76176, 94171
2021-08-16 12:04:30, 76176, 94600
2021-08-16 12:04:31, 76176, 94600
2021-08-16 12:04:32, 75833, 94171
2021-08-16 12:04:33, 76176, 94171
2021-08-16 12:04:34, 76176, 94171
2021-08-16 12:04:35, 76176, 93745
2021-08-16 12:04:36, 76176, 94171
2021-08-16 12:04:37, 75833, 94171
2021-08-16 12:04:38, 76176, 94171
2021-08-16 12:04:39, 76176, 94171
2021-08-16 12:04:40, 76176, 94171
2021-08-16 12:04:41, 76176, 94171
2021-08-16 12:04:42, 76176, 94600
2021-08-16 12:04:43, 76176, 94600
2021-08-16 12:04:44, 76176, 94171
2021-08-16 12:04:45, 76176, 93745
2021-08-16 12:04:46, 75833, 94171
2021-08-16 12:04:47, 75833, 94171
2021-08-16 12:04:48, 76176, 94171
2021-08-16 12:04:49, 75833, 93745
2021-08-16 12:04:50, 75833, 94171
2021-08-16 12:04:51, 76176, 93745
2021-08-16 12:04:52, 76176, 94171
2021-08-16 12:04:53, 76176, 94171
2021-08-16 12:04:54, 75833, 94171
2021-08-16 12:04:55, 76176, 94171
2021-08-16 12:04:56, 75833, 94171
2021-08-16 12:04:57, 76176, 93745
2021-08-16 12:04:58, 76522, 94171
2021-08-16 12:04:59, 76522, 93745
2021-08-16 12:05:00, 76176, 94171
2021-08-16 12:05:01, 76176, 94171
2021-08-16 12:05:02, 76176, 94171
2021-08-16 12:05:03, 76176, 94171
2021-08-16 12:05:04, 76176, 94171
2021-08-16 12:05:05, 76176, 94171
2021-08-16 12:05:06, 76176, 94171
2021-08-16 12:05:07, 76176, 93745
2021-08-16 12:05:08, 76176, 94171
2021-08-16 12:05:09, 75833, 93745
2021-08-16 12:05:10, 76176, 94171
2021-08-16 12:05:11, 75833, 93745
2021-08-16 12:05:12, 76176, 93745
2021-08-16 12:05:13, 76176, 94171
2021-08-16 12:05:14, 76522, 93745
2021-08-16 12:05:15, 76176, 94171
2021-08-16 12:05:16, 76176, 93745
2021-08-16 12:05:17, 76176, 93745
2021-08-16 12:05:18, 76176, 94171
2021-08-16 12:05:19, 76176, 93745
2021-08-16 12:05:20, 76176, 93321
2021-08-16 12:05:21, 75833, 94171
2021-08-16 12:05:22, 76176, 93745
2021-08-16 12:05:23, 76176, 93745
2021-08-16 12:05:24, 75833, 93745
2021-08-16 12:05:25, 76176, 93321
2021-08-16 12:05:26, 75833, 93321
2021-08-16 12:05:27, 76176, 93745
2021-08-16 12:05:28, 76176, 93321
2021-08-16 12:05:29, 76522, 93745
2021-08-16 12:05:30, 76176, 93745
2021-08-16 12:05:31, 76522, 93321
2021-08-16 12:05:32, 76176, 93745
2021-08-16 12:05:33, 76176, 93321
2021-08-16 12:05:34, 76522, 93321
2021-08-16 12:05:35, 75833, 93321
2021-08-16 12:05:36, 76176, 93745
2021-08-16 12:05:37, 76176, 93745
2021-08-16 12:05:38, 75833, 93321
2021-08-16 12:05:39, 76176, 93745
2021-08-16 12:05:40, 75833, 93745
2021-08-16 12:05:41, 76176, 93321
2021-08-16 12:05:42, 76176, 93745
2021-08-16 12:05:43, 76870, 92901
2021-08-16 12:05:44, 75833, 93321
2021-08-16 12:05:45, 75833, 93321
2021-08-16 12:05:46, 76176, 93321
2021-08-16 12:05:47, 75833, 93745
2021-08-16 12:05:48, 75833, 93745
2021-08-16 12:05:49, 76522, 93321
2021-08-16 12:05:50, 76176, 93321
2021-08-16 12:05:51, 76176, 93745
2021-08-16 12:05:52, 76522, 93321
2021-08-16 12:05:53, 76176, 93321
2021-08-16 12:05:54, 75833, 93321
2021-08-16 12:05:55, 76176, 93321
2021-08-16 12:05:56, 75833, 92901
2021-08-16 12:05:57, 75833, 93321
2021-08-16 12:05:58, 76176, 93321
2021-08-16 12:05:59, 76176, 92901
2021-08-16 12:06:00, 76176, 93321
2021-08-16 12:06:01, 76176, 92901
2021-08-16 12:06:02, 75833, 93321
2021-08-16 12:06:03, 76176, 92901
2021-08-16 12:06:04, 76522, 93321
2021-08-16 12:06:05, 76522, 92901
2021-08-16 12:06:06, 76522, 93321
2021-08-16 12:06:07, 76176, 93321
2021-08-16 12:06:08, 75833, 93321
2021-08-16 12:06:09, 76176, 93321
2021-08-16 12:06:10, 75833, 93321
2021-08-16 12:06:11, 76176, 92901
2021-08-16 12:06:12, 76176, 93321
2021-08-16 12:06:13, 76176, 93321
2021-08-16 12:06:14, 75833, 93321
2021-08-16 12:06:15, 76522, 93321
2021-08-16 12:06:16, 76522, 93745
2021-08-16 12:06:17, 76176, 93321
2021-08-16 12:06:18, 76176, 92901
2021-08-16 12:06:19, 75833, 92483
2021-08-16 12:06:20, 75833, 93321
2021-08-16 12:06:21, 75833, 93321
2021-08-16 12:06:22, 75833, 92901
2021-08-16 12:06:23, 76176, 93321
2021-08-16 12:06:24, 75833, 92901
2021-08-16 12:06:25, 76522, 92901
2021-08-16 12:06:26, 76870, 93321
2021-08-16 12:06:27, 76522, 92901
2021-08-16 12:06:28, 76176, 92901
2021-08-16 12:06:29, 75833, 92901
2021-08-16 12:06:30, 76522, 92901
2021-08-16 12:06:31, 76176, 92901
2021-08-16 12:06:32, 76522, 92901
2021-08-16 12:06:33, 76176, 93321
2021-08-16 12:06:34, 75833, 92901
2021-08-16 12:06:35, 75833, 93321
2021-08-16 12:06:36, 76176, 93321
2021-08-16 12:06:37, 75833, 92901
2021-08-16 12:06:38, 75833, 93321
2021-08-16 12:06:39, 76176, 92901
2021-08-16 12:06:40, 76176, 93321
2021-08-16 12:06:41, 76176, 92901
2021-08-16 12:06:42, 76176, 93321
2021-08-16 12:06:43, 75833, 93321
2021-08-16 12:06:44, 76176, 92901
2021-08-16 12:06:45, 76176, 93321
2021-08-16 12:06:46, 76522, 92901
2021-08-16 12:06:47, 76176, 93321
2021-08-16 12:06:48, 76176, 93321
2021-08-16 12:06:49, 75833, 93321
2021-08-16 12:06:50, 75833, 93321
2021-08-16 12:06:51, 76176, 93321
2021-08-16 12:06:52, 76176, 93321
2021-08-16 12:06:53, 76176, 93321
2021-08-16 12:06:54, 76522, 93745
2021-08-16 12:06:55, 75833, 93321
2021-08-16 12:06:56, 76176, 92901
2021-08-16 12:06:57, 76522, 93321
2021-08-16 12:06:58, 76176, 93321
2021-08-16 12:06:59, 75833, 93321
2021-08-16 12:07:00, 75833, 93321
2021-08-16 12:07:01, 75833, 93321
2021-08-16 12:07:02, 76176, 93321
2021-08-16 12:07:03, 76176, 93321
2021-08-16 12:07:04, 76176, 92901
2021-08-16 12:07:05, 75833, 93321
2021-08-16 12:07:06, 76176, 93745
2021-08-16 12:07:07, 76176, 92901
2021-08-16 12:07:08, 76522, 93321
2021-08-16 12:07:09, 76522, 92901
2021-08-16 12:07:10, 76176, 93321
2021-08-16 12:07:11, 76176, 93321
2021-08-16 12:07:12, 76176, 93321
2021-08-16 12:07:13, 76176, 92901
2021-08-16 12:07:14, 76176, 93321
2021-08-16 12:07:15, 75833, 93321
2021-08-16 12:07:16, 75833, 93321
2021-08-16 12:07:17, 75833, 93745
2021-08-16 12:07:18, 76176, 93321
2021-08-16 12:07:19, 76176, 93745
2021-08-16 12:07:20, 76176, 93321
2021-08-16 12:07:21, 76522, 93321
2021-08-16 12:07:22, 76176, 93745
2021-08-16 12:07:23, 76522, 92901
2021-08-16 12:07:24, 75833, 93321
2021-08-16 12:07:25, 75833, 93321
2021-08-16 12:07:26, 76176, 93321
2021-08-16 12:07:27, 75833, 93321
2021-08-16 12:07:28, 75833, 93321
2021-08-16 12:07:29, 75833, 93321
2021-08-16 12:07:30, 75833, 92067
2021-08-16 12:07:31, 76176, 93321
2021-08-16 12:07:32, 76176, 93321
2021-08-16 12:07:33, 76522, 93321
2021-08-16 12:07:34, 76522, 93321
2021-08-16 12:07:35, 76176, 92901
2021-08-16 12:07:36, 75492, 93745
2021-08-16 12:07:37, 76176, 93321
2021-08-16 12:07:38, 76176, 93321
2021-08-16 12:07:39, 76176, 93321
2021-08-16 12:07:40, 76176, 93321
2021-08-16 12:07:41, 75833, 93745
2021-08-16 12:07:42, 76176, 93321
2021-08-16 12:07:43, 76176, 93745
2021-08-16 12:07:44, 76176, 93321
2021-08-16 12:07:45, 75833, 93321
2021-08-16 12:07:46, 76176, 93321
2021-08-16 12:07:47, 76176, 93745
2021-08-16 12:07:48, 75492, 93321
2021-08-16 12:07:49, 75833, 93745
2021-08-16 12:07:50, 76176, 93321
2021-08-16 12:07:51, 75833, 93321
2021-08-16 12:07:52, 75492, 93321
2021-08-16 12:07:53, 75833, 92901
2021-08-16 12:07:54, 75492, 93321
2021-08-16 12:07:55, 76176, 92901
2021-08-16 12:07:56, 76176, 92901
2021-08-16 12:07:57, 75833, 93321
2021-08-16 12:07:58, 75492, 92901
2021-08-16 12:07:59, 76176, 92901
2021-08-16 12:08:00, 75492, 93321
2021-08-16 12:08:01, 75833, 92901
2021-08-16 12:08:02, 75833, 92901
2021-08-16 12:08:03, 75833, 93321
2021-08-16 12:08:04, 76176, 93321
2021-08-16 12:08:05, 76522, 92901
2021-08-16 12:08:06, 75152, 93745
2021-08-16 12:08:07, 76522, 93321
2021-08-16 12:08:08, 75833, 93321
2021-08-16 12:08:09, 76176, 93321
2021-08-16 12:08:10, 76522, 93321
2021-08-16 12:08:11, 75833, 92901
2021-08-16 12:08:12, 76176, 93321
2021-08-16 12:08:13, 76176, 93321
2021-08-16 12:08:14, 75833, 92901
2021-08-16 12:08:15, 75833, 92901
2021-08-16 12:08:16, 75833, 93321
2021-08-16 12:08:17, 75492, 93321
2021-08-16 12:08:18, 76176, 93321
2021-08-16 12:08:19, 75833, 92901
2021-08-16 12:08:20, 76522, 93321
2021-08-16 12:08:21, 76176, 93321
2021-08-16 12:08:22, 76522, 92901
2021-08-16 12:08:23, 76176, 92483
2021-08-16 12:08:24, 75833, 93321
2021-08-16 12:08:25, 76176, 92901
2021-08-16 12:08:26, 76176, 92901
2021-08-16 12:08:27, 75833, 92901
2021-08-16 12:08:28, 76176, 92901
2021-08-16 12:08:29, 77220, 93321
2021-08-16 12:08:30, 76176, 92901
2021-08-16 12:08:31, 76176, 92901
2021-08-16 12:08:32, 76176, 92901
2021-08-16 12:08:33, 75833, 92483
2021-08-16 12:08:34, 76870, 92901
2021-08-16 12:08:35, 76522, 93745
2021-08-16 12:08:36, 76522, 93321
2021-08-16 12:08:37, 76176, 93321
2021-08-16 12:08:38, 76176, 93321
2021-08-16 12:08:39, 76176, 93321
2021-08-16 12:08:40, 75492, 92901
2021-08-16 12:08:41, 75833, 93321
2021-08-16 12:08:42, 75833, 92901
2021-08-16 12:08:43, 76176, 93321
2021-08-16 12:08:44, 76522, 93321
2021-08-16 12:08:45, 76522, 93321
2021-08-16 12:08:46, 75833, 93321
2021-08-16 12:08:47, 76176, 93321
2021-08-16 12:08:48, 76176, 93321
2021-08-16 12:08:49, 76176, 92901
2021-08-16 12:08:50, 75833, 92901
2021-08-16 12:08:51, 76176, 92901
2021-08-16 12:08:52, 75833, 93321
2021-08-16 12:08:53, 76176, 92901
2021-08-16 12:08:54, 75833, 93321
2021-08-16 12:08:55, 76176, 92901
2021-08-16 12:08:56, 75833, 93745
2021-08-16 12:08:57, 76176, 92901
2021-08-16 12:08:58, 76176, 92901
2021-08-16 12:08:59, 76522, 92901
2021-08-16 12:09:00, 75833, 93321
2021-08-16 12:09:01, 75833, 93321
2021-08-16 12:09:02, 75833, 93321
2021-08-16 12:09:03, 75833, 92901
2021-08-16 12:09:04, 76176, 93321
2021-08-16 12:09:05, 75492, 93321
2021-08-16 12:09:06, 75833, 92901
2021-08-16 12:09:07, 75833, 92901
2021-08-16 12:09:08, 76176, 92901
2021-08-16 12:09:09, 75833, 93321
2021-08-16 12:09:10, 76522, 93321
2021-08-16 12:09:11, 75833, 93321
2021-08-16 12:09:12, 75492, 92901
2021-08-16 12:09:13, 75833, 92901
2021-08-16 12:09:14, 75833, 92901
2021-08-16 12:09:15, 75492, 92483
2021-08-16 12:09:16, 76176, 92483
2021-08-16 12:09:17, 75833, 92483
2021-08-16 12:09:18, 75833, 93321
2021-08-16 12:09:19, 76176, 92901
2021-08-16 12:09:20, 76176, 92483
2021-08-16 12:09:21, 75833, 92901
2021-08-16 12:09:22, 75833, 92901
2021-08-16 12:09:23, 76522, 92483
2021-08-16 12:09:24, 75833, 92483
2021-08-16 12:09:25, 76176, 92483
2021-08-16 12:09:26, 76176, 92483
2021-08-16 12:09:27, 75833, 92483
2021-08-16 12:09:28, 75833, 92483
2021-08-16 12:09:29, 75833, 92483
2021-08-16 12:09:30, 75833, 92483
2021-08-16 12:09:31, 76176, 92901
2021-08-16 12:09:32, 76522, 92483
2021-08-16 12:09:33, 75152, 92901
2021-08-16 12:09:34, 76176, 92483
2021-08-16 12:09:35, 76176, 92067
2021-08-16 12:09:36, 75833, 92483
2021-08-16 12:09:37, 75833, 92483
2021-08-16 12:09:38, 75492, 92483
2021-08-16 12:09:39, 75833, 92483
2021-08-16 12:09:40, 75492, 93321
2021-08-16 12:09:41, 75833, 92483
2021-08-16 12:09:42, 75833, 92483
2021-08-16 12:09:43, 75833, 92901
2021-08-16 12:09:44, 75833, 92901
2021-08-16 12:09:45, 75833, 92483
2021-08-16 12:09:46, 76522, 92901
2021-08-16 12:09:47, 75833, 92901
2021-08-16 12:09:48, 76522, 92901
2021-08-16 12:09:49, 76176, 93321
2021-08-16 12:09:50, 76176, 92067
2021-08-16 12:09:51, 75833, 92067
2021-08-16 12:09:52, 76870, 92067
2021-08-16 12:09:53, 76176, 92067
2021-08-16 12:09:54, 76522, 91654
2021-08-16 12:09:55, 76176, 92067
2021-08-16 12:09:56, 76176, 92067
2021-08-16 12:09:57, 76176, 92067
2021-08-16 12:09:58, 76176, 92067
2021-08-16 12:09:59, 76176, 91654
2021-08-16 12:10:00, 76522, 92901
2021-08-16 12:10:01, 75492, 91654
2021-08-16 12:10:02, 76176, 91243
2021-08-16 12:10:03, 75833, 91654
2021-08-16 12:10:04, 75833, 91654
2021-08-16 12:10:05, 75833, 91654
2021-08-16 12:10:06, 76870, 91243
2021-08-16 12:10:07, 76176, 90835
2021-08-16 12:10:08, 76176, 91243
2021-08-16 12:10:09, 76176, 91243
2021-08-16 12:10:10, 76176, 91654
2021-08-16 12:10:11, 76176, 91654
2021-08-16 12:10:12, 76522, 92067
2021-08-16 12:10:13, 76176, 92483
2021-08-16 12:10:14, 76176, 92483
2021-08-16 12:10:15, 76522, 92067
2021-08-16 12:10:16, 75833, 92067
2021-08-16 12:10:17, 76522, 91243
2021-08-16 12:10:18, 77220, 91654
2021-08-16 12:10:19, 75833, 91243
2021-08-16 12:10:20, 75833, 91654
2021-08-16 12:10:21, 76176, 91654
2021-08-16 12:10:22, 76176, 91654
2021-08-16 12:10:23, 76176, 91243
2021-08-16 12:10:24, 76176, 91654
2021-08-16 12:10:25, 76176, 91654
2021-08-16 12:10:26, 76176, 91243
2021-08-16 12:10:27, 76176, 90835
2021-08-16 12:10:28, 76870, 90835
2021-08-16 12:10:29, 76870, 90430
2021-08-16 12:10:30, 76176, 90430
2021-08-16 12:10:31, 75833, 90430
2021-08-16 12:10:32, 76176, 90430
2021-08-16 12:10:33, 76176, 90430
2021-08-16 12:10:34, 76176, 90430
2021-08-16 12:10:35, 76522, 90430
2021-08-16 12:10:36, 75833, 90835
2021-08-16 12:10:37, 76870, 90027
2021-08-16 12:10:38, 76176, 90430
2021-08-16 12:10:39, 76176, 90430
2021-08-16 12:10:40, 75833, 90835
2021-08-16 12:10:41, 75833, 90027
2021-08-16 12:10:42, 75833, 90835
2021-08-16 12:10:43, 75833, 90027
2021-08-16 12:10:44, 76522, 90430
2021-08-16 12:10:45, 75833, 90430
2021-08-16 12:10:46, 76176, 90430
2021-08-16 12:10:47, 76176, 90835
2021-08-16 12:10:48, 75833, 90027
2021-08-16 12:10:49, 76522, 90430
2021-08-16 12:10:50, 76522, 90027
2021-08-16 12:10:51, 76176, 90027
2021-08-16 12:10:52, 75833, 90027
2021-08-16 12:10:53, 75833, 89626
2021-08-16 12:10:54, 76870, 90430
2021-08-16 12:10:55, 76176, 91654
2021-08-16 12:10:56, 75492, 90835
2021-08-16 12:10:57, 75492, 90430
2021-08-16 12:10:58, 75833, 90430
2021-08-16 12:10:59, 75833, 89626
2021-08-16 12:11:00, 75833, 90027
2021-08-16 12:11:01, 76176, 89228
2021-08-16 12:11:02, 76176, 90430
2021-08-16 12:11:03, 76176, 91654
2021-08-16 12:11:04, 75833, 91243
2021-08-16 12:11:05, 75833, 91243
2021-08-16 12:11:06, 75833, 90835
2021-08-16 12:11:07, 77572, 90835
2021-08-16 12:11:08, 76176, 90430
2021-08-16 12:11:09, 76176, 92067
2021-08-16 12:11:10, 76522, 91243
2021-08-16 12:11:11, 76176, 90835
2021-08-16 12:11:12, 76176, 90027
2021-08-16 12:11:13, 75833, 90430
2021-08-16 12:11:14, 76176, 90027
2021-08-16 12:11:15, 75833, 90027
2021-08-16 12:11:16, 75833, 90835
2021-08-16 12:11:17, 76522, 90835
2021-08-16 12:11:18, 76522, 90027
2021-08-16 12:11:19, 75833, 89626
2021-08-16 12:11:20, 76176, 90027
2021-08-16 12:11:21, 76176, 89228
2021-08-16 12:11:22, 76522, 89626
2021-08-16 12:11:23, 76176, 89626
2021-08-16 12:11:24, 76176, 89228
2021-08-16 12:11:25, 75833, 89626
2021-08-16 12:11:26, 76522, 88832
2021-08-16 12:11:27, 75492, 89228
2021-08-16 12:11:28, 76176, 89228
2021-08-16 12:11:29, 75833, 89626
2021-08-16 12:11:30, 75492, 90027
2021-08-16 12:11:31, 75833, 90430
2021-08-16 12:11:32, 75492, 89626
2021-08-16 12:11:33, 75833, 90835
2021-08-16 12:11:34, 76870, 90835
2021-08-16 12:11:35, 75833, 91243
2021-08-16 12:11:36, 75833, 90835
2021-08-16 12:11:37, 76176, 90835
2021-08-16 12:11:38, 76522, 90835
2021-08-16 12:11:39, 75833, 90835
2021-08-16 12:11:40, 75492, 90835
2021-08-16 12:11:41, 75492, 90835
2021-08-16 12:11:42, 76176, 90835
2021-08-16 12:11:43, 75833, 92067
2021-08-16 12:11:44, 75833, 91654
2021-08-16 12:11:45, 75833, 91654
2021-08-16 12:11:46, 75833, 91654
2021-08-16 12:11:47, 76522, 92067
2021-08-16 12:11:48, 76176, 92067
2021-08-16 12:11:49, 76176, 90430
2021-08-16 12:11:50, 76870, 91243
2021-08-16 12:11:51, 76870, 90430
2021-08-16 12:11:52, 75833, 92067
2021-08-16 12:11:53, 76176, 90027
2021-08-16 12:11:54, 75833, 90430
2021-08-16 12:11:55, 75833, 90835
2021-08-16 12:11:56, 75492, 90835
2021-08-16 12:11:57, 76522, 92067
2021-08-16 12:11:58, 76176, 91654
2021-08-16 12:11:59, 75833, 91243
2021-08-16 12:12:00, 75833, 90430
2021-08-16 12:12:01, 76522, 90027
2021-08-16 12:12:02, 76176, 90027
2021-08-16 12:12:03, 76522, 90430
2021-08-16 12:12:04, 76176, 91654
2021-08-16 12:12:05, 75833, 91243
2021-08-16 12:12:06, 76176, 91243
2021-08-16 12:12:07, 76176, 89626
2021-08-16 12:12:08, 76870, 89228
2021-08-16 12:12:09, 75833, 89228
2021-08-16 12:12:10, 75833, 89228
2021-08-16 12:12:11, 76522, 89626
2021-08-16 12:12:12, 76176, 89228
2021-08-16 12:12:13, 76176, 89228
2021-08-16 12:12:14, 76522, 88832
2021-08-16 12:12:15, 75492, 89228
2021-08-16 12:12:16, 76522, 88832
2021-08-16 12:12:17, 76176, 89228
2021-08-16 12:12:18, 76176, 88438
2021-08-16 12:12:19, 75833, 88438
2021-08-16 12:12:20, 75833, 88438
2021-08-16 12:12:21, 75833, 88438
2021-08-16 12:12:22, 76176, 87658
2021-08-16 12:12:23, 76870, 86887
2021-08-16 12:12:24, 76176, 86505
2021-08-16 12:12:25, 76522, 87272
2021-08-16 12:12:26, 76176, 86887
2021-08-16 12:12:27, 75833, 90835
2021-08-16 12:12:28, 76176, 90835
2021-08-16 12:12:29, 75833, 87272
2021-08-16 12:12:30, 75833, 86505
2021-08-16 12:12:31, 76176, 86887
2021-08-16 12:12:32, 76176, 86887
2021-08-16 12:12:33, 75833, 86505
2021-08-16 12:12:34, 76176, 88047
2021-08-16 12:12:35, 75833, 86126
2021-08-16 12:12:36, 75833, 86505
2021-08-16 12:12:37, 76176, 86887
2021-08-16 12:12:38, 76522, 86126
2021-08-16 12:12:39, 76176, 86887
2021-08-16 12:12:40, 75833, 86505
2021-08-16 12:12:41, 76176, 85373
2021-08-16 12:12:42, 75833, 85000
2021-08-16 12:12:43, 76176, 86126
2021-08-16 12:12:44, 75833, 85748
2021-08-16 12:12:45, 75833, 85748
2021-08-16 12:12:46, 75833, 85748
2021-08-16 12:12:47, 75492, 85748
2021-08-16 12:12:48, 75492, 85748
2021-08-16 12:12:49, 75833, 86126
2021-08-16 12:12:50, 76522, 86126
2021-08-16 12:12:51, 75833, 85373
2021-08-16 12:12:52, 75833, 84260
2021-08-16 12:12:53, 75492, 83893
2021-08-16 12:12:54, 75492, 83528
2021-08-16 12:12:55, 76176, 82805
2021-08-16 12:12:56, 75492, 81384
2021-08-16 12:12:57, 75833, 81736
2021-08-16 12:12:58, 75833, 81384
2021-08-16 12:12:59, 75492, 81736
2021-08-16 12:13:00, 75833, 81384
2021-08-16 12:13:01, 75492, 81736
2021-08-16 12:13:02, 76176, 81736
2021-08-16 12:13:03, 75833, 81736
2021-08-16 12:13:04, 75833, 82090
2021-08-16 12:13:05, 76176, 82447
2021-08-16 12:13:06, 75492, 80685
2021-08-16 12:13:07, 75833, 79994
2021-08-16 12:13:08, 75492, 78972
2021-08-16 12:13:09, 75833, 79651
2021-08-16 12:13:10, 75833, 78972
2021-08-16 12:13:11, 75833, 79311
2021-08-16 12:13:12, 75833, 81736
2021-08-16 12:13:13, 75833, 82090
2021-08-16 12:13:14, 75833, 82447
2021-08-16 12:13:15, 75833, 81736
2021-08-16 12:13:16, 75833, 80685
2021-08-16 12:13:17, 75833, 81033
2021-08-16 12:13:18, 75833, 80685
2021-08-16 12:13:19, 75152, 80685
2021-08-16 12:13:20, 75833, 79994
2021-08-16 12:13:21, 76176, 80685
2021-08-16 12:13:22, 76176, 79994
2021-08-16 12:13:23, 76176, 80685
2021-08-16 12:13:24, 74815, 81384
2021-08-16 12:13:25, 75492, 81033
2021-08-16 12:13:26, 75492, 81736
2021-08-16 12:13:27, 76176, 89228
2021-08-16 12:13:28, 75833, 82447
2021-08-16 12:13:29, 74480, 83166
2021-08-16 12:13:30, 75492, 85000
2021-08-16 12:13:31, 75492, 84628
2021-08-16 12:13:32, 75492, 83893
2021-08-16 12:13:33, 75833, 83166
2021-08-16 12:13:34, 75833, 83528
2021-08-16 12:13:35, 75833, 83528
2021-08-16 12:13:36, 75833, 83528
2021-08-16 12:13:37, 75492, 83528
2021-08-16 12:13:38, 75492, 80685
2021-08-16 12:13:39, 75152, 81033
2021-08-16 12:13:40, 76176, 82805
2021-08-16 12:13:41, 75152, 80685
2021-08-16 12:13:42, 75152, 82090
2021-08-16 12:13:43, 75492, 81736
2021-08-16 12:13:44, 75152, 81736
2021-08-16 12:13:45, 75833, 80685
2021-08-16 12:13:46, 75833, 80685
2021-08-16 12:13:47, 75833, 81384
2021-08-16 12:13:48, 75833, 82090
2021-08-16 12:13:49, 76176, 81384
2021-08-16 12:13:50, 76176, 82805
2021-08-16 12:13:51, 75833, 86126
2021-08-16 12:13:52, 75492, 86126
2021-08-16 12:13:53, 75492, 81033
2021-08-16 12:13:54, 75492, 79994
2021-08-16 12:13:55, 75492, 79651
2021-08-16 12:13:56, 74815, 79651
2021-08-16 12:13:57, 75492, 78972
2021-08-16 12:13:58, 76176, 79651
2021-08-16 12:13:59, 75833, 81033
2021-08-16 12:14:00, 75833, 80685
2021-08-16 12:14:01, 75833, 81033
2021-08-16 12:14:02, 76176, 81736
2021-08-16 12:14:03, 76522, 80338
2021-08-16 12:14:04, 75492, 79994
2021-08-16 12:14:05, 75833, 80338
2021-08-16 12:14:06, 75833, 81736
2021-08-16 12:14:07, 75833, 83166
2021-08-16 12:14:08, 75492, 83528
2021-08-16 12:14:09, 75492, 76978
2021-08-16 12:14:10, 75492, 71072
2021-08-16 12:14:11, 75492, 68756
2021-08-16 12:14:12, 75492, 65990
2021-08-16 12:14:13, 76176, 62339
2021-08-16 12:14:14, 76176, 59878
2021-08-16 12:14:15, 75833, 60604
2021-08-16 12:14:16, 75152, 65453
2021-08-16 12:14:17, 75492, 64921
2021-08-16 12:14:18, 75152, 64921
2021-08-16 12:14:19, 75492, 64657
2021-08-16 12:14:20, 75492, 63873
2021-08-16 12:14:21, 75492, 65453
2021-08-16 12:14:22, 75492, 72873
2021-08-16 12:14:23, 76176, 79311
2021-08-16 12:14:24, 75833, 74106
2021-08-16 12:14:25, 75833, 71666
2021-08-16 12:14:26, 75833, 70777
2021-08-16 12:14:27, 75492, 69613
2021-08-16 12:14:28, 75833, 69326
2021-08-16 12:14:29, 75492, 69613
2021-08-16 12:14:30, 75492, 64657
2021-08-16 12:14:31, 75492, 68473
2021-08-16 12:14:32, 75492, 65720
2021-08-16 12:14:33, 75492, 69326
2021-08-16 12:14:34, 75152, 69613
2021-08-16 12:14:35, 75833, 69613
2021-08-16 12:14:36, 75492, 68473
2021-08-16 12:14:37, 76176, 67355
2021-08-16 12:14:38, 75833, 65720
2021-08-16 12:14:39, 76176, 71368
2021-08-16 12:14:40, 75833, 66532
2021-08-16 12:14:41, 76176, 75048
2021-08-16 12:14:42, 75833, 76652
2021-08-16 12:14:43, 75833, 69326
2021-08-16 12:14:44, 75833, 67355
2021-08-16 12:14:45, 76176, 72569
2021-08-16 12:14:46, 76176, 88832
2021-08-16 12:14:47, 76176, 88438
2021-08-16 12:14:48, 76522, 88832
2021-08-16 12:14:49, 75833, 73795
2021-08-16 12:14:50, 76176, 71966
2021-08-16 12:14:51, 76522, 71368
2021-08-16 12:14:52, 75833, 76327
2021-08-16 12:14:53, 75492, 89228
2021-08-16 12:14:54, 75833, 88832
2021-08-16 12:14:55, 76870, 88438
2021-08-16 12:14:56, 75833, 88438
2021-08-16 12:14:57, 75492, 78635
2021-08-16 12:14:58, 75492, 78300
2021-08-16 12:14:59, 75833, 78972
2021-08-16 12:15:00, 75152, 86505
2021-08-16 12:15:01, 76522, 88047
2021-08-16 12:15:02, 75833, 77967
2021-08-16 12:15:03, 75492, 78972
2021-08-16 12:15:04, 75833, 79994
2021-08-16 12:15:05, 75833, 80685
2021-08-16 12:15:06, 75492, 80685
2021-08-16 12:15:07, 76176, 79994
2021-08-16 12:15:08, 75492, 80685
2021-08-16 12:15:09, 75492, 81033
2021-08-16 12:15:10, 75492, 80685
2021-08-16 12:15:11, 76176, 79311
2021-08-16 12:15:12, 75492, 79311
2021-08-16 12:15:13, 76176, 78972
2021-08-16 12:15:14, 75492, 79994
2021-08-16 12:15:15, 75492, 79651
2021-08-16 12:15:16, 75492, 79311
2021-08-16 12:15:17, 76176, 78972
2021-08-16 12:15:18, 75492, 78972
2021-08-16 12:15:19, 75492, 79311
2021-08-16 12:15:20, 75492, 78972
2021-08-16 12:15:21, 75833, 79311
2021-08-16 12:15:22, 75492, 78635
2021-08-16 12:15:23, 75492, 78300
2021-08-16 12:15:24, 75833, 79651
2021-08-16 12:15:25, 75492, 78635
2021-08-16 12:15:26, 75833, 78972
2021-08-16 12:15:27, 76176, 79311
2021-08-16 12:15:28, 75152, 78972
2021-08-16 12:15:29, 75492, 78972
2021-08-16 12:15:30, 75492, 79311
2021-08-16 12:15:31, 75492, 78972
2021-08-16 12:15:32, 75492, 77967
2021-08-16 12:15:33, 75833, 78300
2021-08-16 12:15:34, 75492, 78635
2021-08-16 12:15:35, 75492, 78972
2021-08-16 12:15:36, 75833, 79651
2021-08-16 12:15:37, 75152, 79651
2021-08-16 12:15:38, 75492, 78635
2021-08-16 12:15:39, 75152, 78972
2021-08-16 12:15:40, 75152, 78635
2021-08-16 12:15:41, 75152, 78972
2021-08-16 12:15:42, 75492, 79311
2021-08-16 12:15:43, 75492, 79994
2021-08-16 12:15:44, 75152, 80338
2021-08-16 12:15:45, 75492, 78635
2021-08-16 12:15:46, 75492, 76005
2021-08-16 12:15:47, 75492, 74732
2021-08-16 12:15:48, 75492, 74418
2021-08-16 12:15:49, 75833, 73486
2021-08-16 12:15:50, 75833, 72873
2021-08-16 12:15:51, 76176, 72569
2021-08-16 12:15:52, 75152, 73179
2021-08-16 12:15:53, 75492, 72873
2021-08-16 12:15:54, 75492, 72569
2021-08-16 12:15:55, 75152, 72873
2021-08-16 12:15:56, 75152, 73179
2021-08-16 12:15:57, 75492, 72267
2021-08-16 12:15:58, 75492, 73486
2021-08-16 12:15:59, 75152, 71368
2021-08-16 12:16:00, 75492, 69326
2021-08-16 12:16:01, 75492, 69613
2021-08-16 12:16:02, 75492, 68756
2021-08-16 12:16:03, 75492, 68473
2021-08-16 12:16:04, 75152, 15397
2021-08-16 12:16:05, 75833, 16024
2021-08-16 12:16:06, 75152, 16744
2021-08-16 12:16:07, 76176, 17317
2021-08-16 12:16:08, 74815, 22817
2021-08-16 12:16:09, 74480, 23715
2021-08-16 12:16:10, 75152, 26781
2021-08-16 12:16:11, 74815, 30142
2021-08-16 12:16:12, 74815, 25479
2021-08-16 12:16:13, 74815, 35628
2021-08-16 12:16:14, 75152, 38996
2021-08-16 12:16:15, 74815, 45063
2021-08-16 12:16:16, 74480, 40870
2021-08-16 12:16:17, 74480, 45774
2021-08-16 12:16:18, 75152, 58222
2021-08-16 12:16:19, 74815, 89626
2021-08-16 12:16:20, 75152, 88832
2021-08-16 12:16:21, 74815, 89228
2021-08-16 12:16:22, 74815, 88438
2021-08-16 12:16:23, 74815, 88047
2021-08-16 12:16:24, 74815, 88047
2021-08-16 12:16:25, 74480, 86887
2021-08-16 12:16:26, 75152, 50288
2021-08-16 12:16:27, 75152, 47044
2021-08-16 12:16:28, 74815, 48733
2021-08-16 12:16:29, 74815, 49310
2021-08-16 12:16:30, 74815, 47975
2021-08-16 12:16:31, 74815, 49310
2021-08-16 12:16:32, 74480, 49894
2021-08-16 12:16:33, 74815, 54415
2021-08-16 12:16:34, 74147, 55948
2021-08-16 12:16:35, 74480, 54631
2021-08-16 12:16:36, 74815, 51085
2021-08-16 12:16:37, 74480, 52514
2021-08-16 12:16:38, 74815, 47044
2021-08-16 12:16:39, 73816, 48733
2021-08-16 12:16:40, 74815, 49310
2021-08-16 12:16:41, 74815, 81736
2021-08-16 12:16:42, 75152, 59878
2021-08-16 12:16:43, 75152, 54415
2021-08-16 12:16:44, 74815, 57990
2021-08-16 12:16:45, 74480, 54415
2021-08-16 12:16:46, 74815, 55066
2021-08-16 12:16:47, 74147, 51489
2021-08-16 12:16:48, 74815, 50685
2021-08-16 12:16:49, 74815, 51692
2021-08-16 12:16:50, 74815, 51085
2021-08-16 12:16:51, 74480, 52721
2021-08-16 12:16:52, 74815, 51896
2021-08-16 12:16:53, 74815, 50486
2021-08-16 12:16:54, 74480, 53350
2021-08-16 12:16:55, 74147, 41676
2021-08-16 12:16:56, 74815, 62339
2021-08-16 12:16:57, 73487, 58690
2021-08-16 12:16:58, 74147, 88047
2021-08-16 12:16:59, 74480, 87658
2021-08-16 12:17:00, 74147, 86887
2021-08-16 12:17:01, 74147, 75365
2021-08-16 12:17:02, 74147, 68756
2021-08-16 12:17:03, 74815, 44888
2021-08-16 12:17:04, 74147, 37204
2021-08-16 12:17:05, 73816, 33444
2021-08-16 12:17:06, 73816, 31378
2021-08-16 12:17:07, 74480, 34113
2021-08-16 12:17:08, 74480, 36336
2021-08-16 12:17:09, 74480, 38692
2021-08-16 12:17:10, 74480, 50090
2021-08-16 12:17:11, 75152, 90027
2021-08-16 12:17:12, 74147, 88438
2021-08-16 12:17:13, 74480, 88047
2021-08-16 12:17:14, 74480, 87658
2021-08-16 12:17:15, 75152, 86887
2021-08-16 12:17:16, 74480, 86887
2021-08-16 12:17:17, 73487, 86887
2021-08-16 12:17:18, 74480, 86505
2021-08-16 12:17:19, 74147, 86126
2021-08-16 12:17:20, 74480, 86126
2021-08-16 12:17:21, 74147, 85373
2021-08-16 12:17:22, 74480, 85748
2021-08-16 12:17:23, 73816, 85748
2021-08-16 12:17:24, 74480, 86126
2021-08-16 12:17:25, 74815, 85748
2021-08-16 12:17:26, 74480, 85748
2021-08-16 12:17:27, 74147, 85373
2021-08-16 12:17:28, 74147, 85748
2021-08-16 12:17:29, 73816, 85748
2021-08-16 12:17:30, 73160, 85373
2021-08-16 12:17:31, 73816, 85373
2021-08-16 12:17:32, 74147, 85373
2021-08-16 12:17:33, 74147, 85373
2021-08-16 12:17:34, 73816, 85373
2021-08-16 12:17:35, 73160, 85748
2021-08-16 12:17:36, 74147, 85373
2021-08-16 12:17:37, 74480, 85373
2021-08-16 12:17:38, 73160, 85748
2021-08-16 12:17:39, 74480, 85373
2021-08-16 12:17:40, 74147, 85373
2021-08-16 12:17:41, 74147, 85373
2021-08-16 12:17:42, 74480, 85748
2021-08-16 12:17:43, 74815, 85748
2021-08-16 12:17:44, 74480, 85000
2021-08-16 12:17:45, 74480, 84628
2021-08-16 12:17:46, 75152, 85000
2021-08-16 12:17:47, 74480, 85000
2021-08-16 12:17:48, 74480, 85000
2021-08-16 12:17:49, 74147, 85373
2021-08-16 12:17:50, 74147, 84628
2021-08-16 12:17:51, 73816, 85000
2021-08-16 12:17:52, 74480, 85000
2021-08-16 12:17:53, 74147, 85373
2021-08-16 12:17:54, 74147, 85000
2021-08-16 12:17:55, 74147, 84628
2021-08-16 12:17:56, 74147, 84628
2021-08-16 12:17:57, 74815, 84260
2021-08-16 12:17:58, 73816, 85373
2021-08-16 12:17:59, 74815, 85000
2021-08-16 12:18:00, 74480, 85000
2021-08-16 12:18:01, 74480, 85000
2021-08-16 12:18:02, 73487, 84628
2021-08-16 12:18:03, 74147, 84628
2021-08-16 12:18:04, 74480, 84628
2021-08-16 12:18:05, 74147, 84628
2021-08-16 12:18:06, 74480, 84260
2021-08-16 12:18:07, 74480, 84260
2021-08-16 12:18:08, 74815, 76978
2021-08-16 12:18:09, 74147, 17817
2021-08-16 12:18:10, 74480, 22719
2021-08-16 12:18:11, 74815, 29302
2021-08-16 12:18:12, 74147, 28596
2021-08-16 12:18:13, 74480, 39611
2021-08-16 12:18:14, 74480, 29540
2021-08-16 12:18:15, 74147, 27677
2021-08-16 12:18:16, 73816, 29302
2021-08-16 12:18:17, 74480, 26124
2021-08-16 12:18:18, 74147, 25800
2021-08-16 12:18:19, 74147, 30386
2021-08-16 12:18:20, 74147, 90027
2021-08-16 12:18:21, 74147, 87272
2021-08-16 12:18:22, 74147, 86887
2021-08-16 12:18:23, 74480, 86505
2021-08-16 12:18:24, 74147, 86126
2021-08-16 12:18:25, 73816, 86126
2021-08-16 12:18:26, 75492, 85373
2021-08-16 12:18:27, 74815, 31378
2021-08-16 12:18:28, 74480, 36336
2021-08-16 12:18:29, 74480, 70777
2021-08-16 12:18:30, 74815, 86126
2021-08-16 12:18:31, 74147, 80685
2021-08-16 12:18:32, 74815, 80685
2021-08-16 12:18:33, 75152, 80338
2021-08-16 12:18:34, 74480, 85748
2021-08-16 12:18:35, 74147, 85000
2021-08-16 12:18:36, 74147, 85000
2021-08-16 12:18:37, 74147, 84628
2021-08-16 12:18:38, 74480, 84260
2021-08-16 12:18:39, 74480, 84260
2021-08-16 12:18:40, 74480, 84260
2021-08-16 12:18:41, 75152, 84628
2021-08-16 12:18:42, 74147, 84260
2021-08-16 12:18:43, 74480, 84260
2021-08-16 12:18:44, 73816, 84260
2021-08-16 12:18:45, 74815, 80685
2021-08-16 12:18:46, 75152, 81384
2021-08-16 12:18:47, 74147, 81736
2021-08-16 12:18:48, 74147, 81033
2021-08-16 12:18:49, 74815, 81384
2021-08-16 12:18:50, 75152, 82805
2021-08-16 12:18:51, 74480, 84260
2021-08-16 12:18:53, 74147, 83528
2021-08-16 12:18:53, 74147, 82090
2021-08-16 12:18:55, 74147, 81736
2021-08-16 12:18:55, 74147, 82090
2021-08-16 12:18:56, 73816, 81033
2021-08-16 12:18:57, 74147, 82805
2021-08-16 12:18:59, 74480, 81736
2021-08-16 12:19:00, 74147, 80338
2021-08-16 12:19:01, 74147, 82090
2021-08-16 12:19:02, 73816, 81384
2021-08-16 12:19:03, 73487, 81736
2021-08-16 12:19:04, 73816, 82447
2021-08-16 12:19:05, 74147, 83893
2021-08-16 12:19:06, 74147, 82090
2021-08-16 12:19:07, 73816, 80685
2021-08-16 12:19:08, 74480, 82447
2021-08-16 12:19:09, 73816, 79994
2021-08-16 12:19:10, 74147, 81736
2021-08-16 12:19:11, 74147, 82090
2021-08-16 12:19:12, 74147, 82090
2021-08-16 12:19:13, 73816, 80685
2021-08-16 12:19:14, 73487, 82090
2021-08-16 12:19:15, 74147, 81736
2021-08-16 12:19:16, 73487, 83166
2021-08-16 12:19:17, 74147, 83166
2021-08-16 12:19:18, 74147, 81736
2021-08-16 12:19:19, 74147, 82805
2021-08-16 12:19:20, 73816, 83528
2021-08-16 12:19:21, 74147, 82090
2021-08-16 12:19:22, 74147, 81033
2021-08-16 12:19:23, 73816, 80685
2021-08-16 12:19:24, 74147, 82447
2021-08-16 12:19:25, 73816, 82090
2021-08-16 12:19:26, 73816, 83166
2021-08-16 12:19:27, 73816, 80685
2021-08-16 12:19:28, 74147, 82090
2021-08-16 12:19:29, 73816, 82090
2021-08-16 12:19:30, 74815, 83528
2021-08-16 12:19:31, 74147, 82090
2021-08-16 12:19:32, 74147, 81736
2021-08-16 12:19:33, 74147, 82090
2021-08-16 12:19:34, 74480, 82447
2021-08-16 12:19:35, 73816, 82090
2021-08-16 12:19:36, 74147, 82447
2021-08-16 12:19:37, 74147, 81384
2021-08-16 12:19:38, 74147, 82447
2021-08-16 12:19:39, 73816, 81736
2021-08-16 12:19:40, 74147, 80685
2021-08-16 12:19:41, 74147, 82090
2021-08-16 12:19:42, 73816, 81384
2021-08-16 12:19:43, 74147, 81033
2021-08-16 12:19:44, 74147, 81736
2021-08-16 12:19:45, 74147, 82805
2021-08-16 12:19:46, 75152, 81384
2021-08-16 12:19:47, 73816, 81384
2021-08-16 12:19:48, 73816, 81736
2021-08-16 12:19:49, 73816, 82447
2021-08-16 12:19:50, 73816, 82447
2021-08-16 12:19:51, 73487, 81736
2021-08-16 12:19:52, 73816, 81384
2021-08-16 12:19:53, 73487, 79994
2021-08-16 12:19:54, 73487, 81384
2021-08-16 12:19:55, 73816, 82090
2021-08-16 12:19:56, 74147, 81384
2021-08-16 12:19:57, 74147, 81736
2021-08-16 12:19:58, 73816, 81736
2021-08-16 12:19:59, 73816, 82090
2021-08-16 12:20:00, 73487, 81736
2021-08-16 12:20:01, 73487, 82090
2021-08-16 12:20:02, 73487, 81384
2021-08-16 12:20:03, 74480, 82090
2021-08-16 12:20:04, 74147, 81384
2021-08-16 12:20:05, 73816, 81033
2021-08-16 12:20:06, 73816, 82447
2021-08-16 12:20:07, 73816, 81033
2021-08-16 12:20:08, 73816, 81033
2021-08-16 12:20:09, 73816, 82090
2021-08-16 12:20:10, 73816, 81736
2021-08-16 12:20:11, 73816, 81736
2021-08-16 12:20:12, 73160, 81736
2021-08-16 12:20:13, 73160, 81736
2021-08-16 12:20:14, 73160, 80685
2021-08-16 12:20:15, 73160, 81736
2021-08-16 12:20:16, 73487, 81033
2021-08-16 12:20:17, 73160, 82090
2021-08-16 12:20:18, 74480, 81384
2021-08-16 12:20:19, 73160, 81736
2021-08-16 12:20:20, 73160, 81033
2021-08-16 12:20:21, 73816, 81384
2021-08-16 12:20:22, 73487, 81736
2021-08-16 12:20:23, 73487, 80338
2021-08-16 12:20:24, 73487, 81033
2021-08-16 12:20:25, 73487, 80685
2021-08-16 12:20:26, 74147, 81736
2021-08-16 12:20:27, 73816, 81384
2021-08-16 12:20:28, 73816, 81736
2021-08-16 12:20:29, 73487, 81384
2021-08-16 12:20:30, 73487, 81384
2021-08-16 12:20:31, 73816, 80338
2021-08-16 12:20:32, 73160, 81736
2021-08-16 12:20:33, 73160, 80685
2021-08-16 12:20:34, 73160, 81033
2021-08-16 12:20:35, 73160, 81033
2021-08-16 12:20:36, 73487, 81033
2021-08-16 12:20:37, 73487, 81384
2021-08-16 12:20:38, 73816, 81384
2021-08-16 12:20:39, 73160, 81384
2021-08-16 12:20:40, 74147, 81033
2021-08-16 12:20:41, 74480, 81033
2021-08-16 12:20:42, 73160, 80685
2021-08-16 12:20:43, 73816, 81384
2021-08-16 12:20:44, 73816, 81033
2021-08-16 12:20:45, 73816, 80685
2021-08-16 12:20:46, 73816, 80338
2021-08-16 12:20:47, 73816, 80685
2021-08-16 12:20:48, 73816, 81033
2021-08-16 12:20:49, 73816, 80685
2021-08-16 12:20:50, 74147, 81384
2021-08-16 12:20:51, 73816, 80685
2021-08-16 12:20:52, 73487, 80338
2021-08-16 12:20:53, 73816, 80685
2021-08-16 12:20:54, 73816, 80685
2021-08-16 12:20:55, 74147, 79311
2021-08-16 12:20:56, 73816, 79651
2021-08-16 12:20:57, 73160, 79651
2021-08-16 12:20:58, 73487, 79994
2021-08-16 12:20:59, 73487, 80338
2021-08-16 12:21:00, 73487, 80685
2021-08-16 12:21:01, 73487, 80685
2021-08-16 12:21:02, 73487, 80685
2021-08-16 12:21:03, 73487, 79994
2021-08-16 12:21:04, 73816, 80338
2021-08-16 12:21:05, 74147, 80685
2021-08-16 12:21:06, 74147, 80338
2021-08-16 12:21:07, 73487, 80338
2021-08-16 12:21:08, 73816, 80685
2021-08-16 12:21:09, 74147, 80685
2021-08-16 12:21:10, 73816, 79994
2021-08-16 12:21:11, 74147, 79994
2021-08-16 12:21:12, 73487, 79994
2021-08-16 12:21:13, 73160, 80685
2021-08-16 12:21:14, 73487, 79651
2021-08-16 12:21:15, 73816, 79994
2021-08-16 12:21:16, 74147, 79651
2021-08-16 12:21:17, 73816, 80338
2021-08-16 12:21:18, 73160, 79311
2021-08-16 12:21:19, 74147, 79994
2021-08-16 12:21:20, 73487, 79994
2021-08-16 12:21:21, 74480, 79994
2021-08-16 12:21:22, 73487, 79651
2021-08-16 12:21:23, 73816, 79311
2021-08-16 12:21:24, 73816, 80338
2021-08-16 12:21:25, 73816, 80338
2021-08-16 12:21:26, 73816, 79311
2021-08-16 12:21:27, 73487, 79651
2021-08-16 12:21:28, 73816, 78972
2021-08-16 12:21:29, 74147, 79311
2021-08-16 12:21:30, 73816, 79651
2021-08-16 12:21:31, 73816, 79311
2021-08-16 12:21:32, 73816, 79994
2021-08-16 12:21:33, 73816, 79651
2021-08-16 12:21:34, 74480, 78972
2021-08-16 12:21:35, 74147, 79311
2021-08-16 12:21:36, 73487, 79651
2021-08-16 12:21:37, 74147, 79311
2021-08-16 12:21:38, 73816, 78972
2021-08-16 12:21:39, 73816, 78972
2021-08-16 12:21:40, 73816, 79311
2021-08-16 12:21:41, 73816, 79311
2021-08-16 12:21:42, 73816, 78972
2021-08-16 12:21:43, 73487, 79311
2021-08-16 12:21:44, 73487, 78972
2021-08-16 12:21:45, 73160, 78972
2021-08-16 12:21:46, 73816, 78972
2021-08-16 12:21:47, 73816, 78635
2021-08-16 12:21:48, 73487, 78972
2021-08-16 12:21:49, 73160, 79311
2021-08-16 12:21:50, 73816, 78972
2021-08-16 12:21:51, 73816, 79311
2021-08-16 12:21:52, 73816, 78635
2021-08-16 12:21:53, 73487, 79311
2021-08-16 12:21:54, 73816, 78972
2021-08-16 12:21:55, 73816, 78635
2021-08-16 12:21:56, 73816, 79311
2021-08-16 12:21:57, 73487, 78635
2021-08-16 12:21:58, 73816, 78972
2021-08-16 12:21:59, 73487, 78972
2021-08-16 12:22:00, 73160, 78635
2021-08-16 12:22:01, 73816, 78972
2021-08-16 12:22:02, 73816, 78635
2021-08-16 12:22:03, 73487, 78635
2021-08-16 12:22:04, 73816, 79311
2021-08-16 12:22:05, 74147, 78972
2021-08-16 12:22:06, 73816, 78972
2021-08-16 12:22:07, 73487, 78972
2021-08-16 12:22:08, 73487, 78635
2021-08-16 12:22:09, 73487, 78635
2021-08-16 12:22:10, 73487, 78635
2021-08-16 12:22:11, 73487, 78635
2021-08-16 12:22:12, 73487, 78300
2021-08-16 12:22:13, 73487, 78300
2021-08-16 12:22:14, 73487, 78635
2021-08-16 12:22:15, 73816, 78300
2021-08-16 12:22:16, 73816, 78635
2021-08-16 12:22:17, 73487, 78635
2021-08-16 12:22:18, 73487, 78635
2021-08-16 12:22:19, 73487, 78300
2021-08-16 12:22:20, 73487, 78300
2021-08-16 12:22:21, 73816, 77967
2021-08-16 12:22:22, 73816, 77635
2021-08-16 12:22:23, 73487, 77967
2021-08-16 12:22:24, 73487, 77635
2021-08-16 12:22:25, 73487, 78972
2021-08-16 12:22:26, 73816, 77967
2021-08-16 12:22:27, 73816, 78300
2021-08-16 12:22:28, 73487, 77635
2021-08-16 12:22:29, 73487, 78635
2021-08-16 12:22:30, 73487, 77967
2021-08-16 12:22:31, 73487, 77967
2021-08-16 12:22:32, 73487, 78300
2021-08-16 12:22:33, 73160, 77635
2021-08-16 12:22:34, 73487, 77967
2021-08-16 12:22:35, 73487, 77635
2021-08-16 12:22:36, 73160, 77635
2021-08-16 12:22:37, 73487, 77967
2021-08-16 12:22:38, 73160, 78635
2021-08-16 12:22:39, 73160, 77967
2021-08-16 12:22:40, 73160, 77967
2021-08-16 12:22:41, 73160, 77967
2021-08-16 12:22:42, 73160, 78300
2021-08-16 12:22:43, 73160, 77635
2021-08-16 12:22:44, 72835, 77635
2021-08-16 12:22:45, 72835, 77967
2021-08-16 12:22:46, 73160, 77967
2021-08-16 12:22:47, 73160, 77967
2021-08-16 12:22:48, 73160, 78300
2021-08-16 12:22:49, 73160, 78300
2021-08-16 12:22:50, 73160, 77967
2021-08-16 12:22:51, 73160, 77967
2021-08-16 12:22:52, 73160, 77967
2021-08-16 12:22:53, 72835, 77967
2021-08-16 12:22:54, 72511, 77967
2021-08-16 12:22:55, 72511, 77967
2021-08-16 12:22:56, 72511, 77635
2021-08-16 12:22:57, 72511, 77306
2021-08-16 12:22:58, 72511, 77635
2021-08-16 12:22:59, 72835, 77306
2021-08-16 12:23:00, 72511, 77306
2021-08-16 12:23:01, 72835, 77306
2021-08-16 12:23:02, 72835, 77635
2021-08-16 12:23:03, 72511, 77967
2021-08-16 12:23:04, 73160, 77635
2021-08-16 12:23:05, 72835, 77306
2021-08-16 12:23:06, 72835, 77635
2021-08-16 12:23:07, 72835, 77635
2021-08-16 12:23:08, 73160, 76978
2021-08-16 12:23:09, 73160, 77306
2021-08-16 12:23:10, 72835, 76978
2021-08-16 12:23:11, 72835, 77967
2021-08-16 12:23:12, 72511, 77635
2021-08-16 12:23:13, 72511, 77306
2021-08-16 12:23:14, 72835, 77306
2021-08-16 12:23:15, 72835, 77306
2021-08-16 12:23:16, 72835, 77306
2021-08-16 12:23:17, 72511, 77635
2021-08-16 12:23:18, 72190, 77635
2021-08-16 12:23:19, 72835, 77635
2021-08-16 12:23:20, 72511, 77306
2021-08-16 12:23:21, 72511, 77306
2021-08-16 12:23:22, 72511, 77306
2021-08-16 12:23:23, 72511, 77306
2021-08-16 12:23:24, 72511, 77306
2021-08-16 12:23:25, 72511, 77306
2021-08-16 12:23:26, 72190, 76978
2021-08-16 12:23:27, 72511, 77306
2021-08-16 12:23:28, 72511, 77306
2021-08-16 12:23:29, 72511, 77306
2021-08-16 12:23:30, 72511, 77306
2021-08-16 12:23:31, 72511, 77306
2021-08-16 12:23:32, 72835, 77635
2021-08-16 12:23:33, 72835, 77306
2021-08-16 12:23:34, 72835, 77306
2021-08-16 12:23:35, 72511, 77306
2021-08-16 12:23:36, 72511, 77306
2021-08-16 12:23:37, 72511, 77306
2021-08-16 12:23:38, 72835, 77306
2021-08-16 12:23:39, 72835, 77306
2021-08-16 12:23:40, 72511, 77306
2021-08-16 12:23:41, 72835, 77306
2021-08-16 12:23:42, 72511, 76978
2021-08-16 12:23:43, 72511, 76978
2021-08-16 12:23:44, 72511, 76978
2021-08-16 12:23:45, 72511, 76978
2021-08-16 12:23:46, 72511, 76978
2021-08-16 12:23:47, 72511, 76978
2021-08-16 12:23:48, 72511, 76978
2021-08-16 12:23:49, 72835, 77306
2021-08-16 12:23:50, 72835, 76978
2021-08-16 12:23:51, 72835, 76978
2021-08-16 12:23:52, 72835, 76978
2021-08-16 12:23:53, 72835, 76978
2021-08-16 12:23:54, 72835, 76978
2021-08-16 12:23:55, 72835, 76978
2021-08-16 12:23:56, 72835, 76978
2021-08-16 12:23:57, 72835, 76978
2021-08-16 12:23:58, 72511, 76978
2021-08-16 12:23:59, 72511, 76978
2021-08-16 12:24:00, 72511, 76978
2021-08-16 12:24:01, 72190, 76978
2021-08-16 12:24:02, 72511, 76978
2021-08-16 12:24:03, 72511, 76978
2021-08-16 12:24:04, 72511, 76652
2021-08-16 12:24:05, 72511, 76978
2021-08-16 12:24:06, 72835, 76652
2021-08-16 12:24:07, 72511, 76652
2021-08-16 12:24:08, 72835, 76652
2021-08-16 12:24:09, 72511, 76652
2021-08-16 12:24:10, 72511, 76327
2021-08-16 12:24:11, 72511, 76652
2021-08-16 12:24:12, 72190, 76327
2021-08-16 12:24:13, 72511, 76652
2021-08-16 12:24:14, 72835, 76652
2021-08-16 12:24:15, 72511, 76327
2021-08-16 12:24:16, 72511, 76327
2021-08-16 12:24:17, 72511, 76327
2021-08-16 12:24:18, 72511, 76652
2021-08-16 12:24:19, 72190, 76327
2021-08-16 12:24:20, 71871, 76327
2021-08-16 12:24:21, 72190, 76327
2021-08-16 12:24:22, 72190, 76327
2021-08-16 12:24:23, 72190, 76327
2021-08-16 12:24:24, 72190, 76005
2021-08-16 12:24:25, 72511, 76327
2021-08-16 12:24:26, 72190, 76327
2021-08-16 12:24:27, 72835, 76327
2021-08-16 12:24:28, 72835, 76327
2021-08-16 12:24:29, 72511, 76327
2021-08-16 12:24:30, 72190, 76327
2021-08-16 12:24:31, 72190, 76327
2021-08-16 12:24:32, 72511, 76327
2021-08-16 12:24:33, 72190, 76327
2021-08-16 12:24:34, 72190, 76005
2021-08-16 12:24:35, 72190, 76327
2021-08-16 12:24:36, 72190, 76005
2021-08-16 12:24:37, 72190, 76327
2021-08-16 12:24:38, 72190, 76005
2021-08-16 12:24:39, 72190, 76327
2021-08-16 12:24:40, 72190, 76005
2021-08-16 12:24:41, 72511, 76005
2021-08-16 12:24:42, 72190, 76005
2021-08-16 12:24:43, 72190, 76005
2021-08-16 12:24:44, 72190, 75684
2021-08-16 12:24:45, 72190, 76005
2021-08-16 12:24:46, 72190, 76005
2021-08-16 12:24:47, 72190, 75684
2021-08-16 12:24:48, 72190, 75684
2021-08-16 12:24:49, 71871, 75684
2021-08-16 12:24:50, 72190, 76005
2021-08-16 12:24:51, 72190, 75684
2021-08-16 12:24:52, 72190, 75365
2021-08-16 12:24:53, 72511, 75684
2021-08-16 12:24:54, 72511, 75684
2021-08-16 12:24:55, 72190, 75684
2021-08-16 12:24:56, 72190, 75365
2021-08-16 12:24:57, 72190, 75365
2021-08-16 12:24:58, 72190, 75365
2021-08-16 12:24:59, 72190, 75365
2021-08-16 12:25:00, 72190, 75048
2021-08-16 12:25:01, 72190, 75048
2021-08-16 12:25:02, 72190, 75048
2021-08-16 12:25:03, 71871, 75048
2021-08-16 12:25:04, 72190, 75048
2021-08-16 12:25:05, 72190, 75048
2021-08-16 12:25:06, 71871, 75048
2021-08-16 12:25:07, 72511, 75048
2021-08-16 12:25:08, 72190, 75048
2021-08-16 12:25:09, 72511, 75048
2021-08-16 12:25:10, 72190, 75048
2021-08-16 12:25:11, 72190, 74732
2021-08-16 12:25:12, 72190, 74732
2021-08-16 12:25:13, 72190, 74732
2021-08-16 12:25:14, 71871, 74732
2021-08-16 12:25:15, 72190, 74732
2021-08-16 12:25:16, 71871, 74732
2021-08-16 12:25:17, 71871, 74418
2021-08-16 12:25:18, 71871, 74732
2021-08-16 12:25:19, 71871, 74732
2021-08-16 12:25:20, 72511, 74732
2021-08-16 12:25:21, 72190, 74732
2021-08-16 12:25:22, 72190, 74732
2021-08-16 12:25:23, 72190, 74732
2021-08-16 12:25:24, 72190, 74732
2021-08-16 12:25:25, 72190, 74732
2021-08-16 12:25:26, 71871, 74732
2021-08-16 12:25:27, 71871, 74732
2021-08-16 12:25:28, 71871, 74732
2021-08-16 12:25:29, 71871, 74732
2021-08-16 12:25:30, 71871, 74732
2021-08-16 12:25:31, 71871, 74732
2021-08-16 12:25:32, 71871, 74418
2021-08-16 12:25:33, 71871, 74418
2021-08-16 12:25:34, 71871, 74418
2021-08-16 12:25:35, 71871, 74418
2021-08-16 12:25:36, 72190, 74418
2021-08-16 12:25:37, 72190, 75048
2021-08-16 12:25:38, 72511, 74106
2021-08-16 12:25:39, 72190, 74418
2021-08-16 12:25:40, 71871, 74106
2021-08-16 12:25:41, 71871, 74106
2021-08-16 12:25:42, 71554, 74106
2021-08-16 12:25:43, 71871, 74106
2021-08-16 12:25:44, 71871, 74106
2021-08-16 12:25:45, 71238, 74106
2021-08-16 12:25:46, 71554, 74106
2021-08-16 12:25:47, 71871, 74106
2021-08-16 12:25:48, 71871, 74106
2021-08-16 12:25:49, 71871, 74106
2021-08-16 12:25:50, 71554, 74106
2021-08-16 12:25:51, 71871, 74106
2021-08-16 12:25:52, 71554, 73795
2021-08-16 12:25:53, 71554, 73795
2021-08-16 12:25:54, 71554, 73795
2021-08-16 12:25:55, 71554, 73795
2021-08-16 12:25:56, 71554, 74106
2021-08-16 12:25:57, 71554, 73795
2021-08-16 12:25:58, 71554, 73795
2021-08-16 12:25:59, 71554, 74106
2021-08-16 12:26:00, 71554, 73795
2021-08-16 12:26:01, 71554, 74106
2021-08-16 12:26:02, 71554, 74106
2021-08-16 12:26:03, 71554, 74106
2021-08-16 12:26:04, 71554, 74106
2021-08-16 12:26:05, 71871, 74106
2021-08-16 12:26:06, 71554, 73795
2021-08-16 12:26:07, 71554, 73795
2021-08-16 12:26:08, 71871, 73795
2021-08-16 12:26:09, 71238, 73795
2021-08-16 12:26:10, 71554, 73795
2021-08-16 12:26:11, 71554, 73795
2021-08-16 12:26:12, 71554, 73486
2021-08-16 12:26:13, 71554, 73486
2021-08-16 12:26:14, 71554, 73486
2021-08-16 12:26:15, 71554, 73179
2021-08-16 12:26:16, 71238, 73486
2021-08-16 12:26:17, 71554, 73486
2021-08-16 12:26:18, 71238, 73486
2021-08-16 12:26:19, 71871, 73179
2021-08-16 12:26:20, 71554, 73486
2021-08-16 12:26:21, 71554, 73486
2021-08-16 12:26:22, 71554, 73486
2021-08-16 12:26:23, 71554, 73179
2021-08-16 12:26:24, 71238, 73179
2021-08-16 12:26:25, 71554, 73486
2021-08-16 12:26:26, 71554, 73486
2021-08-16 12:26:27, 70924, 73179
2021-08-16 12:26:28, 71238, 73179
2021-08-16 12:26:29, 71238, 73179
2021-08-16 12:26:30, 71238, 73179
2021-08-16 12:26:31, 71238, 73179
2021-08-16 12:26:32, 71238, 73179
2021-08-16 12:26:33, 71238, 73179
2021-08-16 12:26:34, 70924, 72873
2021-08-16 12:26:35, 70924, 72873
2021-08-16 12:26:36, 70924, 72873
2021-08-16 12:26:37, 71238, 72873
2021-08-16 12:26:38, 71238, 72873
2021-08-16 12:26:39, 71238, 72873
2021-08-16 12:26:40, 71238, 72873
2021-08-16 12:26:41, 71238, 72873
2021-08-16 12:26:42, 70924, 72569
2021-08-16 12:26:43, 70924, 72569
2021-08-16 12:26:44, 70924, 72569
2021-08-16 12:26:45, 70924, 72873
2021-08-16 12:26:46, 70612, 72873
2021-08-16 12:26:47, 70612, 72569
2021-08-16 12:26:48, 70612, 72569
2021-08-16 12:26:49, 70612, 72873
2021-08-16 12:26:50, 70612, 72569
2021-08-16 12:26:51, 70924, 72569
2021-08-16 12:26:52, 70924, 72569
2021-08-16 12:26:53, 71238, 72873
2021-08-16 12:26:54, 70924, 72569
2021-08-16 12:26:55, 70612, 72569
2021-08-16 12:26:56, 70612, 72569
2021-08-16 12:26:57, 71554, 72569
2021-08-16 12:26:58, 70612, 72569
2021-08-16 12:26:59, 70924, 72569
2021-08-16 12:27:00, 70924, 72569
2021-08-16 12:27:01, 70924, 72267
2021-08-16 12:27:02, 70924, 72267
2021-08-16 12:27:03, 70924, 72267
2021-08-16 12:27:04, 70924, 72569
2021-08-16 12:27:05, 70924, 72267
2021-08-16 12:27:06, 70302, 72267
2021-08-16 12:27:07, 70924, 72267
2021-08-16 12:27:08, 70612, 72267
2021-08-16 12:27:09, 70924, 72267
2021-08-16 12:27:10, 70612, 72267
2021-08-16 12:27:11, 70612, 72267
2021-08-16 12:27:12, 70612, 72267
2021-08-16 12:27:13, 70302, 72267
2021-08-16 12:27:14, 69994, 72267
2021-08-16 12:27:15, 70302, 71966
2021-08-16 12:27:16, 70612, 72873
2021-08-16 12:27:17, 70924, 71966
2021-08-16 12:27:18, 70924, 71966
2021-08-16 12:27:19, 70924, 71966
2021-08-16 12:27:20, 70612, 71966
2021-08-16 12:27:21, 70612, 71966
2021-08-16 12:27:22, 70612, 71666
2021-08-16 12:27:23, 70612, 71666
2021-08-16 12:27:24, 70612, 71966
2021-08-16 12:27:25, 70612, 71966
2021-08-16 12:27:26, 70612, 71966
2021-08-16 12:27:27, 70612, 71966
2021-08-16 12:27:28, 70302, 71666
2021-08-16 12:27:29, 70302, 71666
2021-08-16 12:27:30, 70302, 71666
2021-08-16 12:27:31, 70302, 71666
2021-08-16 12:27:32, 70302, 71966
2021-08-16 12:27:33, 70302, 71666
2021-08-16 12:27:34, 70612, 71666
2021-08-16 12:27:35, 70302, 71966
2021-08-16 12:27:36, 70302, 71966
2021-08-16 12:27:37, 70302, 71966
2021-08-16 12:27:38, 70302, 71666
2021-08-16 12:27:39, 70302, 71966
2021-08-16 12:27:40, 70302, 71666
2021-08-16 12:27:41, 69994, 71666
2021-08-16 12:27:42, 70302, 71666
2021-08-16 12:27:43, 70302, 71368
2021-08-16 12:27:44, 69994, 71666
2021-08-16 12:27:45, 69994, 71666
2021-08-16 12:27:46, 70302, 71368
2021-08-16 12:27:47, 70302, 71666
2021-08-16 12:27:48, 70302, 71666
2021-08-16 12:27:49, 70302, 71666
2021-08-16 12:27:50, 69994, 71368
2021-08-16 12:27:51, 69994, 71666
2021-08-16 12:27:52, 70302, 71666
2021-08-16 12:27:53, 70302, 71666
2021-08-16 12:27:54, 69994, 71666
2021-08-16 12:27:55, 69688, 71666
2021-08-16 12:27:56, 69994, 71368
2021-08-16 12:27:57, 70302, 71368
2021-08-16 12:27:58, 69994, 71368
2021-08-16 12:27:59, 69994, 71368
2021-08-16 12:28:00, 69994, 71368
2021-08-16 12:28:01, 69994, 71368
2021-08-16 12:28:02, 70302, 71368
2021-08-16 12:28:03, 69994, 71368
2021-08-16 12:28:04, 69994, 71072
2021-08-16 12:28:05, 69994, 71072
2021-08-16 12:28:06, 69994, 71072
2021-08-16 12:28:07, 69994, 71072
2021-08-16 12:28:08, 69994, 71072
2021-08-16 12:28:09, 70302, 71072
2021-08-16 12:28:10, 70302, 70777
2021-08-16 12:28:11, 70302, 71072
2021-08-16 12:28:12, 70612, 70777
2021-08-16 12:28:13, 70302, 70777
2021-08-16 12:28:14, 70302, 70777
2021-08-16 12:28:15, 70302, 70777
2021-08-16 12:28:16, 69994, 70777
2021-08-16 12:28:17, 69994, 70777
2021-08-16 12:28:18, 69994, 70484
2021-08-16 12:28:19, 69994, 70777
2021-08-16 12:28:20, 69994, 70484
2021-08-16 12:28:21, 69994, 70484
2021-08-16 12:28:22, 69994, 70777
2021-08-16 12:28:23, 70612, 70484
2021-08-16 12:28:24, 69994, 70192
2021-08-16 12:28:25, 69994, 70484
2021-08-16 12:28:26, 70302, 70484
2021-08-16 12:28:27, 69688, 70484
2021-08-16 12:28:28, 69994, 70192
2021-08-16 12:28:29, 70302, 70192
2021-08-16 12:28:30, 69994, 70192
2021-08-16 12:28:31, 69994, 70192
2021-08-16 12:28:32, 69688, 70192
2021-08-16 12:28:33, 69688, 70192
2021-08-16 12:28:34, 69688, 70192
2021-08-16 12:28:35, 69994, 70192
2021-08-16 12:28:36, 69688, 70192
2021-08-16 12:28:37, 69994, 70484
2021-08-16 12:28:38, 69688, 70484
2021-08-16 12:28:39, 69688, 70192
2021-08-16 12:28:40, 69994, 70192
2021-08-16 12:28:41, 69994, 70192
2021-08-16 12:28:42, 70302, 70192
2021-08-16 12:28:43, 69994, 69902
2021-08-16 12:28:44, 69688, 70484
2021-08-16 12:28:45, 69688, 70192
2021-08-16 12:28:46, 69688, 69902
2021-08-16 12:28:47, 69383, 70484
2021-08-16 12:28:48, 69688, 70192
2021-08-16 12:28:49, 69688, 70192
2021-08-16 12:28:50, 69688, 70192
2021-08-16 12:28:51, 69688, 70484
2021-08-16 12:28:52, 69080, 69902
2021-08-16 12:28:53, 69383, 70192
2021-08-16 12:28:54, 69383, 70192
2021-08-16 12:28:55, 69994, 70192
2021-08-16 12:28:56, 69688, 70192
2021-08-16 12:28:57, 69688, 70192
2021-08-16 12:28:58, 69994, 70192
2021-08-16 12:28:59, 69688, 70192
2021-08-16 12:29:00, 69688, 69902
2021-08-16 12:29:01, 70302, 70192
2021-08-16 12:29:02, 69994, 70484
2021-08-16 12:29:03, 69994, 70484
2021-08-16 12:29:04, 69688, 69902
2021-08-16 12:29:05, 69688, 70192
2021-08-16 12:29:06, 69383, 70192
2021-08-16 12:29:07, 69688, 70192
2021-08-16 12:29:08, 69383, 69902
2021-08-16 12:29:09, 69688, 69902
2021-08-16 12:29:10, 69688, 69902
2021-08-16 12:29:11, 69688, 69902
2021-08-16 12:29:12, 69383, 69902
2021-08-16 12:29:13, 69383, 69902
2021-08-16 12:29:14, 69383, 69902
2021-08-16 12:29:15, 69994, 69902
2021-08-16 12:29:16, 69383, 69902
2021-08-16 12:29:17, 69688, 69613
2021-08-16 12:29:18, 69688, 69613
2021-08-16 12:29:19, 69383, 69613
2021-08-16 12:29:20, 69383, 69613
2021-08-16 12:29:21, 69383, 69902
2021-08-16 12:29:22, 69383, 69613
2021-08-16 12:29:23, 69383, 69613
2021-08-16 12:29:24, 69688, 69326
2021-08-16 12:29:25, 69383, 69326
2021-08-16 12:29:26, 69383, 69326
2021-08-16 12:29:27, 68779, 69613
2021-08-16 12:29:28, 69383, 69326
2021-08-16 12:29:29, 69383, 69326
2021-08-16 12:29:30, 69383, 69326
2021-08-16 12:29:31, 69383, 69326
2021-08-16 12:29:32, 69080, 69326
2021-08-16 12:29:33, 69080, 69326
2021-08-16 12:29:34, 69383, 69326
2021-08-16 12:29:35, 69383, 69326
2021-08-16 12:29:36, 69994, 69040
2021-08-16 12:29:37, 69688, 69040
2021-08-16 12:29:38, 69688, 69326
2021-08-16 12:29:39, 69688, 69326
2021-08-16 12:29:40, 69383, 69326
2021-08-16 12:29:41, 69383, 69040
2021-08-16 12:29:42, 69688, 69040
2021-08-16 12:29:43, 69383, 69326
2021-08-16 12:29:44, 69383, 69326
2021-08-16 12:29:45, 69383, 69040
2021-08-16 12:29:46, 69080, 69040
2021-08-16 12:29:47, 69080, 69040
2021-08-16 12:29:48, 69080, 69040
2021-08-16 12:29:49, 68779, 69040
2021-08-16 12:29:50, 68779, 69040
2021-08-16 12:29:51, 68779, 68756
2021-08-16 12:29:52, 68779, 69040
2021-08-16 12:29:53, 68779, 69040
2021-08-16 12:29:54, 68480, 69040
2021-08-16 12:29:55, 68779, 69040
2021-08-16 12:29:56, 68779, 69326
2021-08-16 12:29:57, 68779, 69040
2021-08-16 12:29:58, 68779, 69040
2021-08-16 12:29:59, 68779, 69326
2021-08-16 12:30:00, 68779, 69040
2021-08-16 12:30:01, 68779, 69040
2021-08-16 12:30:02, 68779, 69040
2021-08-16 12:30:03, 69080, 69040
2021-08-16 12:30:04, 68779, 68756
2021-08-16 12:30:05, 68779, 69040
2021-08-16 12:30:06, 68779, 68756
2021-08-16 12:30:07, 68779, 68756
2021-08-16 12:30:08, 68779, 68473
2021-08-16 12:30:09, 68480, 68756
2021-08-16 12:30:10, 68480, 69040
2021-08-16 12:30:11, 68182, 68473
2021-08-16 12:30:12, 68182, 68473
2021-08-16 12:30:13, 68480, 68473
2021-08-16 12:30:14, 68480, 68756
2021-08-16 12:30:15, 68480, 68756
2021-08-16 12:30:16, 68480, 68473
2021-08-16 12:30:17, 68182, 68473
2021-08-16 12:30:18, 68480, 68473
2021-08-16 12:30:19, 68182, 68473
2021-08-16 12:30:20, 68182, 68473
2021-08-16 12:30:21, 68182, 68473
2021-08-16 12:30:22, 68480, 68473
2021-08-16 12:30:23, 68182, 68191
2021-08-16 12:30:24, 68182, 68473
2021-08-16 12:30:25, 68480, 68191
2021-08-16 12:30:26, 67886, 68191
2021-08-16 12:30:27, 68182, 68191
2021-08-16 12:30:28, 67886, 68191
2021-08-16 12:30:29, 67592, 68473
2021-08-16 12:30:30, 68182, 68191
2021-08-16 12:30:31, 68480, 68191
2021-08-16 12:30:32, 67886, 68191
2021-08-16 12:30:33, 68182, 68191
2021-08-16 12:30:34, 67886, 68191
2021-08-16 12:30:35, 68182, 68191
2021-08-16 12:30:36, 67886, 68191
2021-08-16 12:30:37, 67592, 67911
2021-08-16 12:30:38, 67886, 67911
2021-08-16 12:30:39, 67886, 68191
2021-08-16 12:30:40, 67886, 68191
2021-08-16 12:30:41, 68182, 68191
2021-08-16 12:30:42, 67886, 68191
2021-08-16 12:30:43, 68182, 67911
2021-08-16 12:30:44, 68182, 67911
2021-08-16 12:30:45, 68182, 67911
2021-08-16 12:30:46, 67886, 67911
2021-08-16 12:30:47, 68182, 67911
2021-08-16 12:30:48, 68182, 67911
2021-08-16 12:30:49, 68182, 67911
2021-08-16 12:30:50, 68182, 68191
2021-08-16 12:30:51, 67886, 67911
2021-08-16 12:30:52, 68182, 67911
2021-08-16 12:30:53, 67886, 67633
2021-08-16 12:30:54, 67886, 67911
2021-08-16 12:30:55, 68480, 67911
2021-08-16 12:30:56, 68182, 67911
2021-08-16 12:30:57, 68182, 67911
2021-08-16 12:30:58, 67886, 67911
2021-08-16 12:30:59, 67886, 67911
2021-08-16 12:31:00, 67886, 67911
2021-08-16 12:31:01, 67592, 67911
2021-08-16 12:31:02, 67592, 67633
2021-08-16 12:31:03, 67886, 68191
2021-08-16 12:31:04, 67886, 67911
2021-08-16 12:31:05, 68182, 68191
2021-08-16 12:31:06, 67886, 68473
2021-08-16 12:31:07, 67886, 67911
2021-08-16 12:31:08, 68182, 67633
2021-08-16 12:31:09, 68182, 67911
2021-08-16 12:31:10, 68182, 67911
2021-08-16 12:31:11, 68182, 67911
2021-08-16 12:31:12, 67886, 67633
2021-08-16 12:31:13, 67886, 67911
2021-08-16 12:31:14, 68182, 67911
2021-08-16 12:31:15, 67886, 68191
2021-08-16 12:31:16, 67886, 67911
2021-08-16 12:31:17, 68182, 67911
2021-08-16 12:31:18, 68182, 67911
2021-08-16 12:31:19, 68182, 68191
2021-08-16 12:31:20, 67886, 67911
2021-08-16 12:31:21, 67592, 67911
2021-08-16 12:31:22, 67592, 67633
2021-08-16 12:31:23, 67592, 67911
2021-08-16 12:31:24, 67592, 67633
2021-08-16 12:31:25, 67592, 67633
2021-08-16 12:31:26, 67300, 67633
2021-08-16 12:31:27, 67592, 67911
2021-08-16 12:31:28, 67300, 67633
2021-08-16 12:31:29, 67300, 67633
2021-08-16 12:31:30, 67300, 67633
2021-08-16 12:31:31, 67592, 67911
2021-08-16 12:31:32, 67300, 67633
2021-08-16 12:31:33, 68182, 67911
2021-08-16 12:31:34, 67592, 67911
2021-08-16 12:31:35, 67592, 67633
2021-08-16 12:31:36, 67592, 67911
2021-08-16 12:31:37, 67886, 67633
2021-08-16 12:31:38, 67886, 67633
2021-08-16 12:31:39, 67886, 67633
2021-08-16 12:31:40, 67886, 67633
2021-08-16 12:31:41, 67886, 67911
2021-08-16 12:31:42, 67592, 67633
2021-08-16 12:31:43, 68182, 67911
2021-08-16 12:31:44, 67886, 67911
2021-08-16 12:31:45, 67886, 67633
2021-08-16 12:31:46, 67886, 67911
2021-08-16 12:31:47, 67886, 67633
2021-08-16 12:31:48, 67592, 67633
2021-08-16 12:31:49, 67592, 67633
2021-08-16 12:31:50, 67886, 67633
2021-08-16 12:31:51, 67886, 67911
2021-08-16 12:31:52, 67300, 67911
2021-08-16 12:31:53, 67300, 67911
2021-08-16 12:31:54, 67886, 67911
2021-08-16 12:31:55, 67592, 67911
2021-08-16 12:31:56, 67300, 67633
2021-08-16 12:31:57, 67592, 67633
2021-08-16 12:31:58, 67300, 67633
2021-08-16 12:31:59, 67592, 67633
2021-08-16 12:32:00, 67592, 68191
2021-08-16 12:32:01, 67592, 68191
2021-08-16 12:32:02, 67300, 68191
2021-08-16 12:32:03, 67592, 68191
2021-08-16 12:32:04, 67300, 67911
2021-08-16 12:32:05, 67009, 67911
2021-08-16 12:32:06, 67300, 67633
2021-08-16 12:32:07, 67009, 67911
2021-08-16 12:32:08, 67009, 67911
2021-08-16 12:32:09, 66719, 67633
2021-08-16 12:32:10, 67009, 67633
2021-08-16 12:32:11, 66719, 67355
2021-08-16 12:32:12, 67009, 67633
2021-08-16 12:32:13, 66719, 67633
2021-08-16 12:32:14, 67300, 67633
2021-08-16 12:32:15, 68182, 67911
2021-08-16 12:32:16, 67009, 67911
2021-08-16 12:32:17, 67009, 67633
2021-08-16 12:32:18, 67009, 67911
2021-08-16 12:32:19, 67009, 67911
2021-08-16 12:32:20, 67592, 67911
2021-08-16 12:32:21, 67592, 67911
2021-08-16 12:32:22, 67592, 67633
2021-08-16 12:32:23, 67592, 67911
2021-08-16 12:32:24, 68182, 68191
2021-08-16 12:32:25, 68182, 67911
2021-08-16 12:32:26, 68480, 68756
2021-08-16 12:32:27, 68779, 69040
2021-08-16 12:32:28, 68779, 69613
2021-08-16 12:32:29, 68779, 70192
2021-08-16 12:32:30, 69080, 70777
2021-08-16 12:32:31, 69080, 71368
2021-08-16 12:32:32, 69383, 71966
2021-08-16 12:32:33, 69383, 72569
2021-08-16 12:32:34, 69383, 72873
2021-08-16 12:32:35, 69688, 73486
2021-08-16 12:32:36, 69688, 74418
2021-08-16 12:32:37, 69688, 74732
2021-08-16 12:32:38, 69688, 75365
2021-08-16 12:32:39, 69994, 75684
2021-08-16 12:32:40, 69688, 76005
2021-08-16 12:32:41, 69688, 76327
2021-08-16 12:32:42, 69688, 76652
2021-08-16 12:32:43, 69688, 76652
2021-08-16 12:32:44, 69688, 77306
2021-08-16 12:32:45, 69688, 77635
2021-08-16 12:32:46, 69688, 77967
2021-08-16 12:32:47, 69383, 78300
2021-08-16 12:32:48, 69080, 78300
2021-08-16 12:32:49, 69383, 78300
2021-08-16 12:32:50, 69383, 78635
2021-08-16 12:32:51, 69383, 78635
2021-08-16 12:32:52, 69383, 78972
2021-08-16 12:32:53, 69688, 79311
2021-08-16 12:32:54, 69688, 79651
2021-08-16 12:32:55, 69383, 79994
2021-08-16 12:32:56, 69383, 79994
2021-08-16 12:32:57, 69688, 80338
2021-08-16 12:32:58, 69688, 80338
2021-08-16 12:32:59, 69688, 80338
2021-08-16 12:33:00, 69688, 80685
2021-08-16 12:33:01, 69688, 81033
2021-08-16 12:33:02, 69688, 81033
2021-08-16 12:33:03, 69383, 81384
2021-08-16 12:33:04, 69994, 81384
2021-08-16 12:33:05, 69688, 81384
2021-08-16 12:33:06, 69688, 81736
2021-08-16 12:33:07, 69994, 81736
2021-08-16 12:33:08, 69688, 82090
2021-08-16 12:33:09, 69688, 82090
2021-08-16 12:33:10, 69383, 82090
2021-08-16 12:33:11, 69688, 82447
2021-08-16 12:33:12, 69688, 82447
2021-08-16 12:33:13, 69383, 82447
2021-08-16 12:33:14, 69688, 82447
2021-08-16 12:33:15, 69383, 82805
2021-08-16 12:33:16, 69688, 82805
2021-08-16 12:33:17, 69383, 83166
2021-08-16 12:33:18, 69688, 82805
2021-08-16 12:33:19, 69383, 83166
2021-08-16 12:33:20, 69383, 83528
2021-08-16 12:33:21, 69383, 83528
2021-08-16 12:33:22, 69383, 83528
2021-08-16 12:33:23, 69383, 83893
2021-08-16 12:33:24, 69383, 83893
2021-08-16 12:33:25, 69383, 83528
2021-08-16 12:33:26, 69383, 83893
2021-08-16 12:33:27, 69383, 83893
2021-08-16 12:33:28, 69383, 83893
2021-08-16 12:33:29, 69383, 84260
2021-08-16 12:33:30, 69383, 84260
2021-08-16 12:33:31, 69383, 84260
2021-08-16 12:33:32, 69383, 84260
2021-08-16 12:33:33, 69383, 84628
2021-08-16 12:33:34, 69383, 84628
2021-08-16 12:33:35, 69383, 84260
2021-08-16 12:33:36, 69080, 85000
2021-08-16 12:33:38, 69383, 84628
2021-08-16 12:33:39, 69080, 84628
2021-08-16 12:33:40, 69080, 85000
2021-08-16 12:33:41, 69080, 85000
2021-08-16 12:33:42, 69080, 85000
2021-08-16 12:33:43, 69080, 85373
2021-08-16 12:33:43, 69080, 85373
2021-08-16 12:33:45, 68779, 85373
2021-08-16 12:33:46, 69080, 85373
2021-08-16 12:33:47, 69080, 85373
2021-08-16 12:33:48, 69080, 85748
2021-08-16 12:33:49, 69383, 85373
2021-08-16 12:33:50, 69080, 85748
2021-08-16 12:33:51, 69080, 85748
2021-08-16 12:33:52, 69080, 85748
2021-08-16 12:33:53, 69080, 85748
2021-08-16 12:33:54, 68779, 86126
2021-08-16 12:33:55, 69080, 86126
2021-08-16 12:33:56, 68779, 86126
2021-08-16 12:33:57, 69080, 86126
2021-08-16 12:33:58, 69080, 86126
2021-08-16 12:33:59, 68779, 86505
2021-08-16 12:34:00, 68779, 86126
2021-08-16 12:34:01, 68779, 86126
2021-08-16 12:34:02, 68779, 86887
2021-08-16 12:34:03, 68779, 86505
2021-08-16 12:34:04, 68480, 86505
2021-08-16 12:34:05, 68480, 86505
2021-08-16 12:34:06, 68779, 86887
2021-08-16 12:34:07, 69080, 86887
2021-08-16 12:34:08, 68779, 86887
2021-08-16 12:34:09, 69080, 86887
2021-08-16 12:34:10, 68779, 86887
2021-08-16 12:34:11, 68779, 86887
2021-08-16 12:34:12, 68779, 86887
2021-08-16 12:34:13, 68779, 86887
2021-08-16 12:34:14, 68779, 86887
2021-08-16 12:34:15, 68779, 87272
2021-08-16 12:34:16, 68480, 87272
2021-08-16 12:34:17, 68779, 87658
2021-08-16 12:34:18, 68480, 87272
2021-08-16 12:34:19, 68779, 87272
2021-08-16 12:34:20, 68779, 87658
2021-08-16 12:34:21, 68480, 87272
2021-08-16 12:34:22, 68779, 87658
2021-08-16 12:34:23, 68480, 87658
2021-08-16 12:34:24, 68779, 87658
2021-08-16 12:34:25, 68480, 87658
2021-08-16 12:34:26, 68779, 87658
2021-08-16 12:34:27, 68480, 87658
2021-08-16 12:34:28, 68779, 87658
2021-08-16 12:34:29, 68779, 88047
2021-08-16 12:34:30, 68779, 88047
2021-08-16 12:34:31, 69688, 87658
2021-08-16 12:34:32, 68779, 88047
2021-08-16 12:34:33, 68480, 88047
2021-08-16 12:34:34, 68480, 88047
2021-08-16 12:34:35, 68480, 88047
2021-08-16 12:34:36, 68182, 88047
2021-08-16 12:34:37, 68182, 88047
2021-08-16 12:34:38, 68480, 88047
2021-08-16 12:34:39, 68480, 88047
2021-08-16 12:34:40, 68182, 88047
2021-08-16 12:34:41, 68480, 88047
2021-08-16 12:34:42, 68480, 88047
2021-08-16 12:34:43, 68480, 88047
2021-08-16 12:34:44, 68480, 88438
2021-08-16 12:34:45, 68182, 88438
2021-08-16 12:34:46, 68182, 88438
2021-08-16 12:34:47, 68480, 88047
2021-08-16 12:34:48, 68480, 88438
2021-08-16 12:34:49, 68480, 88438
2021-08-16 12:34:50, 68480, 88438
2021-08-16 12:34:51, 68182, 88438
2021-08-16 12:34:52, 68480, 88438
2021-08-16 12:34:53, 68480, 88832
2021-08-16 12:34:54, 68182, 88438
2021-08-16 12:34:55, 68480, 88438
2021-08-16 12:34:56, 68480, 88438
2021-08-16 12:34:57, 68182, 88832
2021-08-16 12:34:58, 68182, 88832
2021-08-16 12:34:59, 67886, 88832
2021-08-16 12:35:00, 68182, 88438
2021-08-16 12:35:01, 68182, 88438
2021-08-16 12:35:02, 68182, 88832
2021-08-16 12:35:03, 67886, 88832
2021-08-16 12:35:04, 67886, 88832
2021-08-16 12:35:05, 67886, 88832
2021-08-16 12:35:06, 68182, 88832
2021-08-16 12:35:07, 67886, 88832
2021-08-16 12:35:08, 68182, 88438
2021-08-16 12:35:09, 67886, 88832
2021-08-16 12:35:10, 68182, 88832
2021-08-16 12:35:11, 67886, 88832
2021-08-16 12:35:12, 67886, 89228
2021-08-16 12:35:13, 67886, 88832
2021-08-16 12:35:14, 67886, 88832
2021-08-16 12:35:15, 67592, 88832
2021-08-16 12:35:16, 67886, 89228
2021-08-16 12:35:17, 67592, 88832
2021-08-16 12:35:18, 67592, 88832
2021-08-16 12:35:19, 67592, 89228
2021-08-16 12:35:20, 67592, 88832
2021-08-16 12:35:21, 67592, 89228
2021-08-16 12:35:22, 67886, 89228
2021-08-16 12:35:23, 67592, 89626
2021-08-16 12:35:24, 67592, 89228
2021-08-16 12:35:25, 67592, 89228
2021-08-16 12:35:26, 67592, 89228
2021-08-16 12:35:27, 67592, 89228
2021-08-16 12:35:28, 67886, 89228
2021-08-16 12:35:29, 67592, 89626
2021-08-16 12:35:30, 67592, 89626
2021-08-16 12:35:31, 67592, 89228
2021-08-16 12:35:32, 67592, 89228
2021-08-16 12:35:33, 67592, 89228
2021-08-16 12:35:34, 67592, 89626
2021-08-16 12:35:35, 67300, 89228
2021-08-16 12:35:36, 67300, 89626
2021-08-16 12:35:37, 67592, 89626
2021-08-16 12:35:38, 67300, 89626
2021-08-16 12:35:39, 67300, 89228
2021-08-16 12:35:40, 67300, 89626
2021-08-16 12:35:41, 67300, 89626
2021-08-16 12:35:42, 67300, 89626
2021-08-16 12:35:43, 67300, 89626
2021-08-16 12:35:44, 67300, 89626
2021-08-16 12:35:45, 67009, 89626
2021-08-16 12:35:46, 67009, 89626
2021-08-16 12:35:47, 67009, 89626
2021-08-16 12:35:48, 67300, 89626
2021-08-16 12:35:49, 67009, 89626
2021-08-16 12:35:50, 67009, 90027
2021-08-16 12:35:51, 67300, 89626
2021-08-16 12:35:52, 67300, 89626
2021-08-16 12:35:53, 67300, 89626
2021-08-16 12:35:54, 66719, 90027
2021-08-16 12:35:55, 67009, 90027
2021-08-16 12:35:56, 67300, 90027
2021-08-16 12:35:57, 67300, 89626
2021-08-16 12:35:58, 67300, 90027
2021-08-16 12:35:59, 67300, 90027
2021-08-16 12:36:00, 67300, 90027
2021-08-16 12:36:01, 67300, 90027
2021-08-16 12:36:02, 67009, 90027
2021-08-16 12:36:03, 67300, 90027
2021-08-16 12:36:04, 67300, 90430
2021-08-16 12:36:05, 67300, 90027
2021-08-16 12:36:06, 67300, 90430
2021-08-16 12:36:07, 67009, 90430
2021-08-16 12:36:08, 67300, 90430
2021-08-16 12:36:09, 67009, 90430
2021-08-16 12:36:10, 67300, 90430
2021-08-16 12:36:11, 67009, 90430
2021-08-16 12:36:12, 67009, 90430
2021-08-16 12:36:13, 67009, 90430
2021-08-16 12:36:14, 67300, 90430
2021-08-16 12:36:15, 67009, 90430
2021-08-16 12:36:16, 67009, 90835
2021-08-16 12:36:17, 67300, 90835
2021-08-16 12:36:18, 67300, 90835
2021-08-16 12:36:19, 67009, 90835
2021-08-16 12:36:20, 67300, 90835
2021-08-16 12:36:21, 67300, 90835
2021-08-16 12:36:22, 67300, 90835
2021-08-16 12:36:23, 67300, 91243
2021-08-16 12:36:24, 67300, 91243
2021-08-16 12:36:25, 67300, 90835
2021-08-16 12:36:26, 67300, 90835
2021-08-16 12:36:27, 67009, 90835
2021-08-16 12:36:28, 67009, 91243
2021-08-16 12:36:29, 67300, 91243
2021-08-16 12:36:30, 67300, 91243
2021-08-16 12:36:31, 67300, 91243
2021-08-16 12:36:32, 67300, 91243
2021-08-16 12:36:33, 67009, 91243
2021-08-16 12:36:34, 67300, 91243
2021-08-16 12:36:35, 67009, 91243
2021-08-16 12:36:36, 67009, 91243
2021-08-16 12:36:37, 67009, 91243
2021-08-16 12:36:38, 67300, 90835
2021-08-16 12:36:39, 67300, 91243
2021-08-16 12:36:40, 66719, 91243
2021-08-16 12:36:41, 67009, 91243
2021-08-16 12:36:42, 67009, 91243
2021-08-16 12:36:43, 67009, 91243
2021-08-16 12:36:44, 67009, 91243
2021-08-16 12:36:45, 67009, 91243
2021-08-16 12:36:46, 67009, 91243
2021-08-16 12:36:47, 66719, 91654
2021-08-16 12:36:48, 67009, 91243
2021-08-16 12:36:49, 67009, 90835
2021-08-16 12:36:50, 67009, 91243
2021-08-16 12:36:51, 66432, 91654
2021-08-16 12:36:52, 66719, 91243
2021-08-16 12:36:53, 66719, 91654
2021-08-16 12:36:54, 67009, 91243
2021-08-16 12:36:55, 66719, 91243
2021-08-16 12:36:56, 66719, 91243
2021-08-16 12:36:57, 66719, 91654
2021-08-16 12:36:58, 66719, 91243
2021-08-16 12:36:59, 66432, 91654
2021-08-16 12:37:00, 66719, 91654
2021-08-16 12:37:01, 66719, 91654
2021-08-16 12:37:02, 66719, 91243
2021-08-16 12:37:03, 66719, 91243
2021-08-16 12:37:04, 67009, 91243
2021-08-16 12:37:05, 66719, 91243
2021-08-16 12:37:06, 66432, 91243
2021-08-16 12:37:07, 66432, 91654
2021-08-16 12:37:08, 66432, 91654
2021-08-16 12:37:09, 66432, 91654
2021-08-16 12:37:10, 66432, 91654
2021-08-16 12:37:11, 66432, 91243
2021-08-16 12:37:12, 66432, 91243
2021-08-16 12:37:13, 66146, 91654
2021-08-16 12:37:14, 66432, 91243
2021-08-16 12:37:15, 66432, 91243
2021-08-16 12:37:16, 66146, 91243
2021-08-16 12:37:17, 66719, 91243
2021-08-16 12:37:18, 66432, 91654
2021-08-16 12:37:19, 66432, 91654
2021-08-16 12:37:20, 66146, 92483
2021-08-16 12:37:21, 66432, 91654
2021-08-16 12:37:22, 66146, 91654
2021-08-16 12:37:23, 66146, 91654
2021-08-16 12:37:24, 66432, 91654
2021-08-16 12:37:25, 66146, 91654
2021-08-16 12:37:26, 66146, 91243
2021-08-16 12:37:27, 65861, 91654
2021-08-16 12:37:28, 66146, 91243
2021-08-16 12:37:29, 66146, 91654
2021-08-16 12:37:30, 66146, 91654
2021-08-16 12:37:31, 65861, 91654
2021-08-16 12:37:32, 65861, 91654
2021-08-16 12:37:33, 65861, 91654
2021-08-16 12:37:34, 65861, 91654
2021-08-16 12:37:35, 66146, 91654
2021-08-16 12:37:36, 65861, 91654
2021-08-16 12:37:37, 66146, 92067
2021-08-16 12:37:38, 66146, 91654
2021-08-16 12:37:39, 65861, 91654
2021-08-16 12:37:40, 66146, 92067
2021-08-16 12:37:41, 65861, 92067
2021-08-16 12:37:42, 65861, 92067
2021-08-16 12:37:43, 65861, 91654
2021-08-16 12:37:44, 65861, 92067
2021-08-16 12:37:45, 65861, 92067
2021-08-16 12:37:46, 65861, 92067
2021-08-16 12:37:47, 66719, 92067
2021-08-16 12:37:48, 65578, 92067
2021-08-16 12:37:49, 65861, 92067
2021-08-16 12:37:50, 65861, 92067
2021-08-16 12:37:51, 65578, 92067
2021-08-16 12:37:52, 65861, 92067
2021-08-16 12:37:53, 65578, 92067
2021-08-16 12:37:54, 65861, 92067
2021-08-16 12:37:55, 65578, 92067
2021-08-16 12:37:56, 65861, 92067
2021-08-16 12:37:57, 65297, 92483
2021-08-16 12:37:58, 65861, 92067
2021-08-16 12:37:59, 65861, 92067
2021-08-16 12:38:00, 65861, 92483
2021-08-16 12:38:01, 65861, 92483
2021-08-16 12:38:02, 65861, 92483
2021-08-16 12:38:03, 65861, 92483
2021-08-16 12:38:04, 65578, 92067
2021-08-16 12:38:05, 65578, 92483
2021-08-16 12:38:06, 65861, 92483
2021-08-16 12:38:07, 65861, 92483
2021-08-16 12:38:08, 65578, 92483
2021-08-16 12:38:09, 65578, 92483
2021-08-16 12:38:10, 65861, 92067
2021-08-16 12:38:11, 65578, 92067
2021-08-16 12:38:12, 65861, 92483
2021-08-16 12:38:13, 65578, 92483
2021-08-16 12:38:14, 65578, 92483
2021-08-16 12:38:15, 65578, 92483
2021-08-16 12:38:16, 65578, 92483
2021-08-16 12:38:17, 65578, 92483
2021-08-16 12:38:18, 65578, 92483
2021-08-16 12:38:19, 65578, 92067
2021-08-16 12:38:20, 65578, 92483
2021-08-16 12:38:21, 65578, 92483
2021-08-16 12:38:22, 65578, 92483
