2021-08-16 11:23:17, 101045, 364703
2021-08-16 11:23:18, 101563, 368514
2021-08-16 11:23:20, 101563, 368514
2021-08-16 11:23:21, 101563, 368514
2021-08-16 11:23:21, 101045, 368514
2021-08-16 11:23:22, 100021, 368514
2021-08-16 11:23:23, 100531, 368514
2021-08-16 11:23:25, 102084, 368514
2021-08-16 11:23:26, 101563, 368514
2021-08-16 11:23:27, 101045, 368514
2021-08-16 11:23:28, 101563, 368514
2021-08-16 11:23:29, 101563, 368514
2021-08-16 11:23:29, 100021, 360963
2021-08-16 11:23:31, 101045, 364703
2021-08-16 11:23:32, 101563, 364703
2021-08-16 11:23:33, 101563, 364703
2021-08-16 11:23:34, 101045, 364703
2021-08-16 11:23:35, 101563, 364703
2021-08-16 11:23:36, 101563, 364703
2021-08-16 11:23:37, 99013, 364703
2021-08-16 11:23:38, 101563, 364703
2021-08-16 11:23:39, 102084, 364703
2021-08-16 11:23:40, 101563, 364703
2021-08-16 11:23:41, 101045, 364703
2021-08-16 11:23:42, 101045, 364703
2021-08-16 11:23:43, 101563, 368514
2021-08-16 11:23:44, 101045, 372396
2021-08-16 11:23:45, 101563, 368514
2021-08-16 11:23:46, 100531, 357290
2021-08-16 11:23:47, 101045, 360963
2021-08-16 11:23:48, 101563, 360963
2021-08-16 11:23:49, 101045, 360963
2021-08-16 11:23:50, 101563, 360963
2021-08-16 11:23:51, 101563, 360963
2021-08-16 11:23:52, 101563, 357290
2021-08-16 11:23:53, 101563, 364703
2021-08-16 11:23:54, 102610, 360963
2021-08-16 11:23:55, 101045, 360963
2021-08-16 11:23:56, 101045, 360963
2021-08-16 11:23:57, 101045, 357290
2021-08-16 11:23:58, 101045, 360963
2021-08-16 11:23:59, 101045, 353684
2021-08-16 11:24:00, 103140, 357290
2021-08-16 11:24:01, 101045, 360963
2021-08-16 11:24:02, 102084, 353684
2021-08-16 11:24:03, 100531, 357290
2021-08-16 11:24:04, 101045, 353684
2021-08-16 11:24:05, 101045, 353684
2021-08-16 11:24:06, 101045, 353684
2021-08-16 11:24:07, 101045, 353684
2021-08-16 11:24:08, 101045, 353684
2021-08-16 11:24:09, 101045, 353684
2021-08-16 11:24:10, 100531, 353684
2021-08-16 11:24:11, 100531, 353684
2021-08-16 11:24:12, 100531, 353684
2021-08-16 11:24:13, 101563, 353684
2021-08-16 11:24:14, 101045, 350142
2021-08-16 11:24:15, 101045, 350142
2021-08-16 11:24:16, 101045, 353684
2021-08-16 11:24:17, 102610, 353684
2021-08-16 11:24:18, 100531, 353684
2021-08-16 11:24:19, 101045, 353684
2021-08-16 11:24:20, 101563, 353684
2021-08-16 11:24:21, 101563, 350142
2021-08-16 11:24:22, 101045, 353684
2021-08-16 11:24:23, 101045, 350142
2021-08-16 11:24:24, 101045, 350142
2021-08-16 11:24:25, 101045, 350142
2021-08-16 11:24:26, 100531, 350142
2021-08-16 11:24:27, 101045, 350142
2021-08-16 11:24:28, 101045, 350142
2021-08-16 11:24:29, 101045, 357290
2021-08-16 11:24:30, 101563, 346663
2021-08-16 11:24:31, 101045, 350142
2021-08-16 11:24:32, 101045, 350142
2021-08-16 11:24:33, 101045, 353684
2021-08-16 11:24:34, 100531, 350142
2021-08-16 11:24:35, 101563, 350142
2021-08-16 11:24:36, 100531, 346663
2021-08-16 11:24:37, 101045, 343245
2021-08-16 11:24:38, 100531, 350142
2021-08-16 11:24:39, 101563, 353684
2021-08-16 11:24:40, 101045, 346663
2021-08-16 11:24:41, 101045, 346663
2021-08-16 11:24:42, 101045, 346663
2021-08-16 11:24:43, 101045, 346663
2021-08-16 11:24:44, 101045, 343245
2021-08-16 11:24:45, 101045, 350142
2021-08-16 11:24:46, 101563, 346663
2021-08-16 11:24:47, 101563, 346663
2021-08-16 11:24:48, 101045, 346663
2021-08-16 11:24:49, 100531, 346663
2021-08-16 11:24:50, 100531, 343245
2021-08-16 11:24:51, 100531, 343245
2021-08-16 11:24:52, 102610, 350142
2021-08-16 11:24:53, 100531, 346663
2021-08-16 11:24:54, 97528, 343245
2021-08-16 11:24:55, 100531, 339886
2021-08-16 11:24:56, 101045, 343245
2021-08-16 11:24:57, 100531, 343245
2021-08-16 11:24:58, 100531, 339886
2021-08-16 11:24:59, 100531, 339886
2021-08-16 11:25:00, 100531, 343245
2021-08-16 11:25:01, 100531, 343245
2021-08-16 11:25:02, 100531, 336586
2021-08-16 11:25:03, 100021, 339886
2021-08-16 11:25:04, 100021, 339886
2021-08-16 11:25:05, 100531, 339886
2021-08-16 11:25:06, 101563, 339886
2021-08-16 11:25:07, 100531, 339886
2021-08-16 11:25:08, 100531, 336586
2021-08-16 11:25:09, 101045, 336586
2021-08-16 11:25:10, 100531, 336586
2021-08-16 11:25:11, 100531, 336586
2021-08-16 11:25:12, 101045, 327016
2021-08-16 11:25:13, 100531, 336586
2021-08-16 11:25:14, 100531, 333341
2021-08-16 11:25:15, 100531, 330152
2021-08-16 11:25:16, 100531, 333341
2021-08-16 11:25:17, 101045, 333341
2021-08-16 11:25:18, 100531, 333341
2021-08-16 11:25:19, 100531, 333341
2021-08-16 11:25:20, 99515, 333341
2021-08-16 11:25:21, 100531, 333341
2021-08-16 11:25:22, 101045, 330152
2021-08-16 11:25:23, 100021, 333341
2021-08-16 11:25:24, 100531, 327016
2021-08-16 11:25:25, 100531, 327016
2021-08-16 11:25:26, 100531, 330152
2021-08-16 11:25:27, 100531, 333341
2021-08-16 11:25:28, 100531, 330152
2021-08-16 11:25:29, 100531, 330152
2021-08-16 11:25:30, 100531, 320900
2021-08-16 11:25:31, 100531, 327016
2021-08-16 11:25:32, 99515, 327016
2021-08-16 11:25:33, 100531, 323933
2021-08-16 11:25:34, 101045, 323933
2021-08-16 11:25:35, 100531, 323933
2021-08-16 11:25:36, 100531, 327016
2021-08-16 11:25:37, 100531, 323933
2021-08-16 11:25:38, 100531, 323933
2021-08-16 11:25:39, 100531, 323933
2021-08-16 11:25:40, 100531, 323933
2021-08-16 11:25:41, 101045, 323933
2021-08-16 11:25:42, 101045, 327016
2021-08-16 11:25:43, 102084, 320900
2021-08-16 11:25:44, 100021, 323933
2021-08-16 11:25:45, 100531, 323933
2021-08-16 11:25:46, 100531, 320900
2021-08-16 11:25:47, 100531, 320900
2021-08-16 11:25:48, 100021, 320900
2021-08-16 11:25:49, 100021, 320900
2021-08-16 11:25:50, 100021, 320900
2021-08-16 11:25:51, 100531, 320900
2021-08-16 11:25:52, 100531, 320900
2021-08-16 11:25:53, 100531, 317918
2021-08-16 11:25:54, 100531, 317918
2021-08-16 11:25:55, 101045, 317918
2021-08-16 11:25:56, 100531, 317918
2021-08-16 11:25:57, 100531, 317918
2021-08-16 11:25:58, 100531, 317918
2021-08-16 11:25:59, 100531, 317918
2021-08-16 11:26:00, 100531, 317918
2021-08-16 11:26:01, 100531, 314983
2021-08-16 11:26:02, 100531, 314983
2021-08-16 11:26:03, 100531, 306460
2021-08-16 11:26:04, 100531, 323933
2021-08-16 11:26:05, 101045, 309255
2021-08-16 11:26:06, 100531, 314983
2021-08-16 11:26:07, 101045, 320900
2021-08-16 11:26:08, 100531, 312096
2021-08-16 11:26:09, 100531, 314983
2021-08-16 11:26:10, 100021, 312096
2021-08-16 11:26:11, 101045, 312096
2021-08-16 11:26:12, 100531, 314983
2021-08-16 11:26:13, 101045, 312096
2021-08-16 11:26:14, 101045, 314983
2021-08-16 11:26:15, 100021, 312096
2021-08-16 11:26:16, 101045, 312096
2021-08-16 11:26:17, 100531, 312096
2021-08-16 11:26:18, 100531, 309255
2021-08-16 11:26:19, 100531, 312096
2021-08-16 11:26:20, 100021, 309255
2021-08-16 11:26:21, 100531, 306460
2021-08-16 11:26:22, 100531, 306460
2021-08-16 11:26:23, 101563, 309255
2021-08-16 11:26:24, 101045, 312096
2021-08-16 11:26:25, 100531, 309255
2021-08-16 11:26:26, 100531, 306460
2021-08-16 11:26:27, 100021, 309255
2021-08-16 11:26:28, 100531, 309255
2021-08-16 11:26:29, 100531, 309255
2021-08-16 11:26:30, 101045, 306460
2021-08-16 11:26:31, 100531, 312096
2021-08-16 11:26:32, 101045, 309255
2021-08-16 11:26:33, 99515, 306460
2021-08-16 11:26:34, 100531, 306460
2021-08-16 11:26:35, 100531, 306460
2021-08-16 11:26:36, 100531, 306460
2021-08-16 11:26:37, 100531, 303708
2021-08-16 11:26:38, 100531, 306460
2021-08-16 11:26:39, 100531, 303708
2021-08-16 11:26:40, 101563, 303708
2021-08-16 11:26:41, 101045, 301000
2021-08-16 11:26:42, 101045, 303708
2021-08-16 11:26:43, 101563, 303708
2021-08-16 11:26:44, 100531, 303708
2021-08-16 11:26:45, 100531, 303708
2021-08-16 11:26:46, 101563, 303708
2021-08-16 11:26:47, 101563, 301000
2021-08-16 11:26:48, 102084, 303708
2021-08-16 11:26:49, 99515, 303708
2021-08-16 11:26:50, 100531, 295707
2021-08-16 11:26:51, 100021, 301000
2021-08-16 11:26:52, 100531, 301000
2021-08-16 11:26:53, 101045, 301000
2021-08-16 11:26:54, 100531, 298333
2021-08-16 11:26:55, 100531, 301000
2021-08-16 11:26:56, 100531, 298333
2021-08-16 11:26:57, 101563, 298333
2021-08-16 11:26:58, 101563, 301000
2021-08-16 11:26:59, 101045, 298333
2021-08-16 11:27:00, 100531, 295707
2021-08-16 11:27:01, 101045, 295707
2021-08-16 11:27:02, 100531, 301000
2021-08-16 11:27:03, 101563, 298333
2021-08-16 11:27:04, 100531, 290575
2021-08-16 11:27:05, 100531, 290575
2021-08-16 11:27:06, 99515, 293122
2021-08-16 11:27:07, 100531, 293122
2021-08-16 11:27:08, 100531, 290575
2021-08-16 11:27:09, 100531, 290575
2021-08-16 11:27:10, 100531, 288067
2021-08-16 11:27:11, 100531, 288067
2021-08-16 11:27:12, 100531, 285597
2021-08-16 11:27:13, 101045, 293122
2021-08-16 11:27:14, 99013, 278401
2021-08-16 11:27:15, 99515, 288067
2021-08-16 11:27:16, 100021, 285597
2021-08-16 11:27:17, 100531, 285597
2021-08-16 11:27:18, 101045, 285597
2021-08-16 11:27:19, 100531, 288067
2021-08-16 11:27:20, 100531, 285597
2021-08-16 11:27:21, 100531, 283162
2021-08-16 11:27:22, 100021, 280764
2021-08-16 11:27:23, 100531, 283162
2021-08-16 11:27:24, 102084, 280764
2021-08-16 11:27:25, 100531, 283162
2021-08-16 11:27:26, 100021, 283162
2021-08-16 11:27:27, 102610, 283162
2021-08-16 11:27:28, 100531, 280764
2021-08-16 11:27:29, 100531, 278401
2021-08-16 11:27:30, 100531, 278401
2021-08-16 11:27:31, 101045, 278401
2021-08-16 11:27:32, 100021, 276072
2021-08-16 11:27:33, 100531, 278401
2021-08-16 11:27:34, 100021, 280764
2021-08-16 11:27:35, 102084, 276072
2021-08-16 11:27:36, 101563, 276072
2021-08-16 11:27:37, 101045, 276072
2021-08-16 11:27:38, 102084, 276072
2021-08-16 11:27:39, 101045, 273776
2021-08-16 11:27:40, 101045, 276072
2021-08-16 11:27:41, 100021, 273776
2021-08-16 11:27:42, 101045, 271514
2021-08-16 11:27:43, 101045, 276072
2021-08-16 11:27:44, 102610, 273776
2021-08-16 11:27:45, 100531, 271514
2021-08-16 11:27:46, 100531, 271514
2021-08-16 11:27:47, 101045, 271514
2021-08-16 11:27:48, 100531, 269283
2021-08-16 11:27:49, 100531, 269283
2021-08-16 11:27:50, 101045, 269283
2021-08-16 11:27:51, 101563, 269283
2021-08-16 11:27:52, 102610, 264916
2021-08-16 11:27:53, 100531, 264916
2021-08-16 11:27:54, 100531, 264916
2021-08-16 11:27:55, 103673, 264916
2021-08-16 11:27:56, 100531, 264916
2021-08-16 11:27:57, 100531, 269283
2021-08-16 11:27:58, 101045, 260668
2021-08-16 11:27:59, 100531, 262777
2021-08-16 11:28:00, 100531, 260668
2021-08-16 11:28:01, 100531, 260668
2021-08-16 11:28:02, 101045, 258589
2021-08-16 11:28:03, 100531, 258589
2021-08-16 11:28:04, 101045, 258589
2021-08-16 11:28:05, 101563, 258589
2021-08-16 11:28:06, 102084, 256537
2021-08-16 11:28:07, 100531, 256537
2021-08-16 11:28:08, 101045, 256537
2021-08-16 11:28:09, 101045, 258589
2021-08-16 11:28:10, 101563, 256537
2021-08-16 11:28:11, 101045, 254513
2021-08-16 11:28:12, 101045, 254513
2021-08-16 11:28:13, 100531, 258589
2021-08-16 11:28:14, 101563, 252516
2021-08-16 11:28:15, 101045, 252516
2021-08-16 11:28:16, 101045, 252516
2021-08-16 11:28:17, 101045, 252516
2021-08-16 11:28:18, 101045, 250546
2021-08-16 11:28:19, 101045, 250546
2021-08-16 11:28:20, 100531, 250546
2021-08-16 11:28:21, 100531, 244790
2021-08-16 11:28:22, 101563, 248602
2021-08-16 11:28:23, 101045, 246684
2021-08-16 11:28:24, 101045, 246684
2021-08-16 11:28:25, 100531, 246684
2021-08-16 11:28:26, 101045, 248602
2021-08-16 11:28:27, 100531, 242922
2021-08-16 11:28:28, 101045, 246684
2021-08-16 11:28:29, 100021, 244790
2021-08-16 11:28:30, 101563, 239256
2021-08-16 11:28:31, 101563, 239256
2021-08-16 11:28:32, 101045, 239256
2021-08-16 11:28:33, 101045, 237458
2021-08-16 11:28:34, 101563, 237458
2021-08-16 11:28:35, 101045, 237458
2021-08-16 11:28:36, 101045, 237458
2021-08-16 11:28:37, 101045, 235683
2021-08-16 11:28:38, 101563, 237458
2021-08-16 11:28:39, 103140, 235683
2021-08-16 11:28:40, 102084, 232200
2021-08-16 11:28:41, 101563, 230490
2021-08-16 11:28:42, 101563, 233930
2021-08-16 11:28:43, 103673, 232200
2021-08-16 11:28:44, 102084, 232200
2021-08-16 11:28:45, 101045, 230490
2021-08-16 11:28:46, 101563, 230490
2021-08-16 11:28:47, 103673, 228802
2021-08-16 11:28:48, 101563, 228802
2021-08-16 11:28:49, 100021, 227134
2021-08-16 11:28:50, 101045, 225487
2021-08-16 11:28:51, 101563, 227134
2021-08-16 11:28:52, 101045, 227134
2021-08-16 11:28:53, 101045, 225487
2021-08-16 11:28:54, 101563, 223860
2021-08-16 11:28:55, 100531, 223860
2021-08-16 11:28:56, 102084, 223860
2021-08-16 11:28:57, 101563, 220664
2021-08-16 11:28:58, 101563, 223860
2021-08-16 11:28:59, 98514, 222253
2021-08-16 11:29:00, 101563, 222253
2021-08-16 11:29:01, 101563, 222253
2021-08-16 11:29:02, 101045, 220664
2021-08-16 11:29:03, 102084, 217544
2021-08-16 11:29:04, 101045, 219095
2021-08-16 11:29:05, 101563, 219095
2021-08-16 11:29:06, 101563, 216011
2021-08-16 11:29:07, 104211, 214497
2021-08-16 11:29:08, 101563, 216011
2021-08-16 11:29:09, 101045, 214497
2021-08-16 11:29:10, 101563, 213000
2021-08-16 11:29:11, 101045, 213000
2021-08-16 11:29:12, 101563, 211520
2021-08-16 11:29:13, 100531, 213000
2021-08-16 11:29:14, 101045, 211520
2021-08-16 11:29:15, 102084, 211520
2021-08-16 11:29:16, 101563, 211520
2021-08-16 11:29:17, 101045, 210057
2021-08-16 11:29:18, 101563, 210057
2021-08-16 11:29:19, 102084, 208611
2021-08-16 11:29:20, 101045, 210057
2021-08-16 11:29:21, 101045, 210057
2021-08-16 11:29:22, 101563, 207181
2021-08-16 11:29:23, 101563, 207181
2021-08-16 11:29:24, 101563, 205768
2021-08-16 11:29:25, 101563, 204370
2021-08-16 11:29:26, 101563, 205768
2021-08-16 11:29:27, 102610, 205768
2021-08-16 11:29:28, 102084, 204370
2021-08-16 11:29:29, 101045, 202988
2021-08-16 11:29:30, 101563, 202988
2021-08-16 11:29:31, 102084, 202988
2021-08-16 11:29:32, 102610, 200270
2021-08-16 11:29:33, 102084, 201622
2021-08-16 11:29:34, 101045, 200270
2021-08-16 11:29:35, 101563, 198934
2021-08-16 11:29:36, 101563, 198934
2021-08-16 11:29:37, 101045, 198934
2021-08-16 11:29:38, 101563, 196304
2021-08-16 11:29:39, 100531, 195010
2021-08-16 11:29:40, 101563, 193731
2021-08-16 11:29:41, 101045, 197612
2021-08-16 11:29:42, 103140, 193731
2021-08-16 11:29:43, 101045, 193731
2021-08-16 11:29:44, 102084, 193731
2021-08-16 11:29:45, 101563, 191212
2021-08-16 11:29:46, 102084, 191212
2021-08-16 11:29:47, 101563, 189973
2021-08-16 11:29:48, 101045, 188747
2021-08-16 11:29:49, 101045, 189973
2021-08-16 11:29:50, 101045, 188747
2021-08-16 11:29:51, 101045, 187534
2021-08-16 11:29:52, 101563, 188747
2021-08-16 11:29:53, 101563, 188747
2021-08-16 11:29:54, 101563, 186333
2021-08-16 11:29:55, 102610, 187534
2021-08-16 11:29:56, 101045, 185145
2021-08-16 11:29:57, 100531, 185145
2021-08-16 11:29:58, 101563, 183969
2021-08-16 11:29:59, 101045, 183969
2021-08-16 11:30:00, 101045, 183969
2021-08-16 11:30:01, 101563, 181653
2021-08-16 11:30:02, 100531, 181653
2021-08-16 11:30:03, 103140, 182805
2021-08-16 11:30:04, 101045, 179383
2021-08-16 11:30:05, 101045, 179383
2021-08-16 11:30:06, 101563, 178266
2021-08-16 11:30:07, 101563, 178266
2021-08-16 11:30:08, 101563, 179383
2021-08-16 11:30:09, 101045, 178266
2021-08-16 11:30:10, 103140, 179383
2021-08-16 11:30:11, 102610, 182805
2021-08-16 11:30:12, 102084, 180512
2021-08-16 11:30:13, 101563, 178266
2021-08-16 11:30:14, 101563, 177160
2021-08-16 11:30:15, 102084, 177160
2021-08-16 11:30:16, 101045, 174980
2021-08-16 11:30:17, 101045, 174980
2021-08-16 11:30:18, 100531, 173906
2021-08-16 11:30:19, 100021, 173906
2021-08-16 11:30:20, 101045, 173906
2021-08-16 11:30:21, 101045, 172843
2021-08-16 11:30:22, 101045, 172843
2021-08-16 11:30:23, 101563, 173906
2021-08-16 11:30:24, 102084, 171790
2021-08-16 11:30:25, 100531, 170747
2021-08-16 11:30:26, 101563, 172843
2021-08-16 11:30:27, 100531, 169714
2021-08-16 11:30:28, 102084, 168692
2021-08-16 11:30:29, 102610, 167679
2021-08-16 11:30:30, 100021, 166676
2021-08-16 11:30:31, 101045, 167679
2021-08-16 11:30:32, 100531, 166676
2021-08-16 11:30:33, 100531, 166676
2021-08-16 11:30:34, 100531, 164698
2021-08-16 11:30:35, 100531, 165682
2021-08-16 11:30:36, 100531, 165682
2021-08-16 11:30:37, 102084, 165682
2021-08-16 11:30:38, 102084, 163723
2021-08-16 11:30:39, 101563, 162757
2021-08-16 11:30:40, 100531, 161800
2021-08-16 11:30:41, 100531, 161800
2021-08-16 11:30:42, 102084, 160851
2021-08-16 11:30:43, 100021, 159912
2021-08-16 11:30:44, 100531, 159912
2021-08-16 11:30:45, 100531, 159912
2021-08-16 11:30:46, 100021, 158981
2021-08-16 11:30:47, 100021, 158059
2021-08-16 11:30:48, 99515, 157145
2021-08-16 11:30:49, 100021, 157145
2021-08-16 11:30:50, 101563, 156239
2021-08-16 11:30:51, 100021, 157145
2021-08-16 11:30:52, 100021, 157145
2021-08-16 11:30:53, 100531, 155342
2021-08-16 11:30:54, 99515, 153571
2021-08-16 11:30:55, 100021, 153571
2021-08-16 11:30:56, 99515, 151831
2021-08-16 11:30:57, 99515, 151831
2021-08-16 11:30:58, 99013, 151831
2021-08-16 11:30:59, 99515, 151831
2021-08-16 11:31:00, 100021, 151831
2021-08-16 11:31:01, 99515, 150122
2021-08-16 11:31:02, 99515, 149279
2021-08-16 11:31:03, 101563, 149279
2021-08-16 11:31:04, 99013, 150122
2021-08-16 11:31:05, 99013, 148443
2021-08-16 11:31:06, 99013, 147614
2021-08-16 11:31:07, 99515, 145978
2021-08-16 11:31:08, 100021, 145170
2021-08-16 11:31:09, 99515, 146793
2021-08-16 11:31:10, 101045, 145978
2021-08-16 11:31:11, 100531, 145978
2021-08-16 11:31:12, 98514, 144370
2021-08-16 11:31:13, 99013, 145170
2021-08-16 11:31:14, 98514, 143576
2021-08-16 11:31:15, 98514, 142789
2021-08-16 11:31:16, 98514, 141234
2021-08-16 11:31:17, 98514, 142008
2021-08-16 11:31:18, 98514, 142008
2021-08-16 11:31:19, 98020, 141234
2021-08-16 11:31:20, 100021, 142008
2021-08-16 11:31:21, 98514, 140466
2021-08-16 11:31:22, 99013, 139705
2021-08-16 11:31:23, 99013, 140466
2021-08-16 11:31:24, 98020, 138950
2021-08-16 11:31:25, 98514, 138201
2021-08-16 11:31:26, 97528, 138201
2021-08-16 11:31:27, 99013, 137459
2021-08-16 11:31:28, 99013, 135991
2021-08-16 11:31:29, 98514, 135267
2021-08-16 11:31:30, 98514, 135991
2021-08-16 11:31:31, 98514, 135267
2021-08-16 11:31:32, 98020, 134548
2021-08-16 11:31:33, 98514, 135267
2021-08-16 11:31:34, 98020, 134548
2021-08-16 11:31:35, 98020, 133835
2021-08-16 11:31:36, 98020, 135267
2021-08-16 11:31:37, 99013, 134548
2021-08-16 11:31:38, 94189, 133835
2021-08-16 11:31:39, 98020, 133835
2021-08-16 11:31:40, 97528, 133127
2021-08-16 11:31:41, 97528, 131730
2021-08-16 11:31:42, 99013, 131730
2021-08-16 11:31:43, 97528, 131730
2021-08-16 11:31:44, 98020, 131039
2021-08-16 11:31:45, 97528, 130354
2021-08-16 11:31:46, 98020, 129674
2021-08-16 11:31:47, 97041, 129674
2021-08-16 11:31:48, 97041, 129674
2021-08-16 11:31:49, 97528, 129000
2021-08-16 11:31:50, 97041, 128330
2021-08-16 11:31:51, 97528, 127666
2021-08-16 11:31:52, 97041, 127666
2021-08-16 11:31:53, 96557, 127666
2021-08-16 11:31:54, 97528, 127666
2021-08-16 11:31:55, 97528, 127666
2021-08-16 11:31:56, 97528, 127666
2021-08-16 11:31:57, 97041, 127007
2021-08-16 11:31:58, 97041, 127007
2021-08-16 11:31:59, 99013, 125704
2021-08-16 11:32:00, 98020, 126353
2021-08-16 11:32:01, 97528, 125704
2021-08-16 11:32:02, 97041, 125704
2021-08-16 11:32:03, 97041, 125704
2021-08-16 11:32:04, 98020, 125061
2021-08-16 11:32:05, 97041, 124422
2021-08-16 11:32:06, 98020, 123787
2021-08-16 11:32:07, 96076, 125061
2021-08-16 11:32:08, 97528, 123787
2021-08-16 11:32:09, 98020, 122533
2021-08-16 11:32:10, 95599, 123158
2021-08-16 11:32:11, 96557, 123787
2021-08-16 11:32:12, 96076, 123787
2021-08-16 11:32:13, 96557, 123787
2021-08-16 11:32:14, 96557, 122533
2021-08-16 11:32:15, 96557, 122533
2021-08-16 11:32:16, 96557, 123158
2021-08-16 11:32:17, 94189, 123158
2021-08-16 11:32:18, 96076, 123158
2021-08-16 11:32:19, 96076, 123158
2021-08-16 11:32:20, 96557, 122533
2021-08-16 11:32:21, 96557, 121298
2021-08-16 11:32:22, 96557, 121913
2021-08-16 11:32:23, 96076, 121298
2021-08-16 11:32:24, 96076, 120687
2021-08-16 11:32:25, 95126, 121298
2021-08-16 11:32:26, 95599, 120081
2021-08-16 11:32:27, 96076, 120081
2021-08-16 11:32:28, 96076, 119479
2021-08-16 11:32:29, 95599, 118882
2021-08-16 11:32:30, 95599, 118882
2021-08-16 11:32:31, 95599, 118882
2021-08-16 11:32:32, 95126, 118289
2021-08-16 11:32:33, 95126, 117700
2021-08-16 11:32:34, 94655, 117116
2021-08-16 11:32:35, 94655, 118882
2021-08-16 11:32:36, 95126, 117700
2021-08-16 11:32:37, 95126, 117700
2021-08-16 11:32:38, 96076, 117700
2021-08-16 11:32:39, 96557, 117116
2021-08-16 11:32:40, 96076, 118289
2021-08-16 11:32:41, 95599, 115960
2021-08-16 11:32:42, 94189, 115960
2021-08-16 11:32:43, 94655, 115960
2021-08-16 11:32:44, 94655, 116536
2021-08-16 11:32:45, 94655, 115388
2021-08-16 11:32:46, 95126, 114820
2021-08-16 11:32:47, 94655, 114820
2021-08-16 11:32:48, 95126, 114820
2021-08-16 11:32:49, 95126, 114820
2021-08-16 11:32:50, 94655, 114257
2021-08-16 11:32:51, 94655, 114257
2021-08-16 11:32:52, 97528, 113697
2021-08-16 11:32:53, 95126, 114820
2021-08-16 11:32:54, 94655, 114257
2021-08-16 11:32:55, 95126, 113141
2021-08-16 11:32:56, 94655, 113141
2021-08-16 11:32:57, 95126, 113697
2021-08-16 11:32:58, 94655, 113141
2021-08-16 11:32:59, 94189, 113141
2021-08-16 11:33:00, 94189, 112590
2021-08-16 11:33:01, 93725, 113141
2021-08-16 11:33:02, 94189, 112590
2021-08-16 11:33:03, 93725, 112042
2021-08-16 11:33:04, 93725, 112042
2021-08-16 11:33:05, 93725, 112042
2021-08-16 11:33:06, 93265, 110958
2021-08-16 11:33:07, 96076, 111498
2021-08-16 11:33:08, 93725, 110958
2021-08-16 11:33:09, 95126, 111498
2021-08-16 11:33:10, 93265, 110421
2021-08-16 11:33:11, 94655, 110421
2021-08-16 11:33:12, 93265, 110421
2021-08-16 11:33:13, 93265, 110958
2021-08-16 11:33:14, 92808, 109888
2021-08-16 11:33:15, 93265, 109888
2021-08-16 11:33:16, 93265, 109359
2021-08-16 11:33:17, 92808, 108834
2021-08-16 11:33:18, 91904, 108834
2021-08-16 11:33:19, 93265, 109359
2021-08-16 11:33:20, 93265, 107794
2021-08-16 11:33:21, 92355, 107794
2021-08-16 11:33:22, 92808, 107794
2021-08-16 11:33:23, 92808, 107279
2021-08-16 11:33:24, 92808, 107279
2021-08-16 11:33:25, 91904, 107279
2021-08-16 11:33:26, 92355, 107279
2021-08-16 11:33:27, 91457, 107794
2021-08-16 11:33:28, 91457, 106768
2021-08-16 11:33:29, 91904, 106261
2021-08-16 11:33:30, 91457, 106261
2021-08-16 11:33:31, 91904, 106261
2021-08-16 11:33:32, 91904, 106261
2021-08-16 11:33:33, 91904, 106261
2021-08-16 11:33:34, 92355, 105255
2021-08-16 11:33:35, 92355, 105255
2021-08-16 11:33:36, 93265, 105255
2021-08-16 11:33:37, 91904, 104758
2021-08-16 11:33:38, 91904, 104758
2021-08-16 11:33:39, 91904, 103773
2021-08-16 11:33:40, 91904, 104264
2021-08-16 11:33:41, 92355, 104264
2021-08-16 11:33:42, 91904, 104758
2021-08-16 11:33:43, 91457, 103773
2021-08-16 11:33:44, 91013, 104264
2021-08-16 11:33:45, 89700, 104264
2021-08-16 11:33:46, 90572, 103773
2021-08-16 11:33:47, 91013, 103773
2021-08-16 11:33:48, 91013, 103285
2021-08-16 11:33:49, 90134, 102801
2021-08-16 11:33:50, 90134, 102320
2021-08-16 11:33:51, 89700, 102320
2021-08-16 11:33:52, 87990, 102320
2021-08-16 11:33:53, 87153, 102801
2021-08-16 11:33:54, 88839, 101842
2021-08-16 11:33:55, 89268, 101842
2021-08-16 11:33:56, 88839, 101842
2021-08-16 11:33:57, 89268, 101842
2021-08-16 11:33:58, 90134, 101367
2021-08-16 11:33:59, 88413, 101367
2021-08-16 11:34:00, 89700, 100895
2021-08-16 11:34:01, 87570, 101842
2021-08-16 11:34:02, 89268, 102320
2021-08-16 11:34:03, 88413, 100426
2021-08-16 11:34:04, 88413, 100426
2021-08-16 11:34:05, 88413, 100426
2021-08-16 11:34:06, 87990, 99498
2021-08-16 11:34:07, 88413, 99498
2021-08-16 11:34:08, 88413, 99038
2021-08-16 11:34:09, 87990, 99038
2021-08-16 11:34:10, 87570, 99498
2021-08-16 11:34:11, 87990, 99038
2021-08-16 11:34:12, 87990, 99498
2021-08-16 11:34:13, 87570, 98581
2021-08-16 11:34:14, 88413, 98128
2021-08-16 11:34:15, 87153, 98128
2021-08-16 11:34:16, 87570, 98128
2021-08-16 11:34:17, 87570, 98128
2021-08-16 11:34:18, 87570, 97677
2021-08-16 11:34:19, 86738, 97229
2021-08-16 11:34:20, 87153, 96784
2021-08-16 11:34:21, 86327, 97229
2021-08-16 11:34:22, 87153, 96341
2021-08-16 11:34:23, 87153, 96341
2021-08-16 11:34:24, 86738, 96784
2021-08-16 11:34:25, 86327, 96784
2021-08-16 11:34:26, 86327, 96341
2021-08-16 11:34:27, 86327, 95902
2021-08-16 11:34:28, 86327, 95902
2021-08-16 11:34:29, 85918, 95465
2021-08-16 11:34:30, 85918, 95031
2021-08-16 11:34:31, 85918, 95465
2021-08-16 11:34:32, 84309, 95465
2021-08-16 11:34:33, 85918, 95465
2021-08-16 11:34:34, 85918, 95031
2021-08-16 11:34:35, 85512, 93321
2021-08-16 11:34:36, 86327, 94600
2021-08-16 11:34:37, 85108, 94600
2021-08-16 11:34:38, 85108, 94600
2021-08-16 11:34:39, 85108, 93745
2021-08-16 11:34:40, 85512, 93745
2021-08-16 11:34:41, 85108, 93321
2021-08-16 11:34:42, 85512, 93745
2021-08-16 11:34:43, 84707, 93321
2021-08-16 11:34:44, 85512, 93321
2021-08-16 11:34:45, 84309, 92483
2021-08-16 11:34:46, 85108, 93321
2021-08-16 11:34:47, 85108, 92901
2021-08-16 11:34:48, 84707, 92483
2021-08-16 11:34:49, 84707, 92483
2021-08-16 11:34:50, 84707, 92067
2021-08-16 11:34:51, 84309, 91654
2021-08-16 11:34:52, 84309, 91654
2021-08-16 11:34:53, 84309, 91243
2021-08-16 11:34:54, 84309, 91243
2021-08-16 11:34:55, 84309, 91243
2021-08-16 11:34:56, 83521, 91243
2021-08-16 11:34:57, 83914, 90430
2021-08-16 11:34:58, 83914, 90027
2021-08-16 11:34:59, 85108, 90027
2021-08-16 11:35:00, 84309, 90027
2021-08-16 11:35:01, 84309, 90027
2021-08-16 11:35:02, 83914, 90027
2021-08-16 11:35:03, 83914, 90027
2021-08-16 11:35:04, 83914, 89626
2021-08-16 11:35:05, 83521, 89626
2021-08-16 11:35:06, 83131, 89626
2021-08-16 11:35:07, 83914, 89626
2021-08-16 11:35:08, 83914, 88832
2021-08-16 11:35:09, 83131, 88438
2021-08-16 11:35:10, 83914, 88047
2021-08-16 11:35:11, 83914, 88047
2021-08-16 11:35:12, 83914, 88438
2021-08-16 11:35:13, 83521, 88047
2021-08-16 11:35:14, 83521, 88047
2021-08-16 11:35:15, 83521, 88047
2021-08-16 11:35:16, 82743, 87658
2021-08-16 11:35:17, 83131, 87658
2021-08-16 11:35:18, 82743, 87658
2021-08-16 11:35:19, 83131, 87658
2021-08-16 11:35:20, 83131, 87272
2021-08-16 11:35:21, 83131, 87272
2021-08-16 11:35:22, 81976, 87272
2021-08-16 11:35:23, 82358, 86887
2021-08-16 11:35:24, 83131, 86887
2021-08-16 11:35:25, 83131, 87272
2021-08-16 11:35:26, 83131, 86505
2021-08-16 11:35:27, 82358, 86887
2021-08-16 11:35:28, 83131, 86887
2021-08-16 11:35:29, 82743, 86505
2021-08-16 11:35:30, 83131, 86887
2021-08-16 11:35:31, 83131, 86887
2021-08-16 11:35:32, 83131, 86126
2021-08-16 11:35:33, 82358, 86505
2021-08-16 11:35:34, 82743, 86505
2021-08-16 11:35:35, 82743, 86126
2021-08-16 11:35:36, 82358, 86126
2021-08-16 11:35:37, 82743, 86126
2021-08-16 11:35:38, 82358, 86126
2021-08-16 11:35:39, 82358, 85748
2021-08-16 11:35:40, 82358, 85748
2021-08-16 11:35:41, 82743, 85748
2021-08-16 11:35:42, 83131, 85748
2021-08-16 11:35:43, 82743, 85748
2021-08-16 11:35:44, 82358, 86505
2021-08-16 11:35:45, 82358, 85373
2021-08-16 11:35:46, 82358, 85748
2021-08-16 11:35:47, 82743, 85373
2021-08-16 11:35:48, 82743, 86505
2021-08-16 11:35:49, 81596, 85373
2021-08-16 11:35:50, 81976, 85373
2021-08-16 11:35:51, 82358, 85373
2021-08-16 11:35:52, 81976, 85373
2021-08-16 11:35:53, 81976, 85373
2021-08-16 11:35:54, 82358, 85373
2021-08-16 11:35:55, 81976, 85000
2021-08-16 11:35:56, 81596, 84628
2021-08-16 11:35:57, 81976, 84260
2021-08-16 11:35:58, 81596, 84260
2021-08-16 11:35:59, 81976, 85000
2021-08-16 11:36:00, 81596, 84628
2021-08-16 11:36:01, 81596, 85000
2021-08-16 11:36:02, 82358, 84260
2021-08-16 11:36:03, 81596, 83893
2021-08-16 11:36:04, 81596, 83893
2021-08-16 11:36:05, 81218, 84628
2021-08-16 11:36:06, 81596, 83528
2021-08-16 11:36:07, 81976, 83528
2021-08-16 11:36:08, 81596, 83528
2021-08-16 11:36:09, 81218, 83893
2021-08-16 11:36:10, 80843, 83528
2021-08-16 11:36:11, 81596, 83166
2021-08-16 11:36:12, 81218, 82805
2021-08-16 11:36:13, 81218, 82805
2021-08-16 11:36:14, 81218, 82805
2021-08-16 11:36:15, 80843, 82447
2021-08-16 11:36:16, 81218, 82805
2021-08-16 11:36:17, 82358, 82805
2021-08-16 11:36:18, 80100, 82447
2021-08-16 11:36:19, 81218, 82447
2021-08-16 11:36:20, 81218, 82090
2021-08-16 11:36:21, 81218, 82447
2021-08-16 11:36:22, 81218, 82805
2021-08-16 11:36:23, 80843, 82090
2021-08-16 11:36:24, 82358, 82447
2021-08-16 11:36:25, 81218, 82447
2021-08-16 11:36:26, 80470, 82090
2021-08-16 11:36:27, 80843, 81736
2021-08-16 11:36:28, 80843, 81736
2021-08-16 11:36:29, 80470, 82090
2021-08-16 11:36:30, 80470, 81384
2021-08-16 11:36:31, 80470, 81384
2021-08-16 11:36:32, 79731, 81384
2021-08-16 11:36:33, 80100, 81384
2021-08-16 11:36:34, 80843, 81033
2021-08-16 11:36:35, 80100, 81033
2021-08-16 11:36:36, 80100, 80685
2021-08-16 11:36:37, 79731, 80685
2021-08-16 11:36:38, 79731, 80685
2021-08-16 11:36:39, 80470, 80685
2021-08-16 11:36:40, 80100, 80685
2021-08-16 11:36:41, 79731, 80685
2021-08-16 11:36:42, 79731, 80685
2021-08-16 11:36:43, 79366, 80338
2021-08-16 11:36:44, 79366, 80338
2021-08-16 11:36:45, 79731, 79994
2021-08-16 11:36:46, 79731, 79994
2021-08-16 11:36:47, 79731, 79994
2021-08-16 11:36:48, 79366, 79994
2021-08-16 11:36:49, 79366, 79994
2021-08-16 11:36:50, 79366, 79994
2021-08-16 11:36:51, 79366, 80338
2021-08-16 11:36:52, 79366, 79994
2021-08-16 11:36:53, 79002, 80338
2021-08-16 11:36:54, 79731, 79651
2021-08-16 11:36:55, 79002, 79651
2021-08-16 11:36:56, 79366, 79651
2021-08-16 11:36:57, 79731, 79651
2021-08-16 11:36:58, 79731, 79311
2021-08-16 11:36:59, 79366, 79311
2021-08-16 11:37:00, 79002, 79311
2021-08-16 11:37:01, 79366, 79651
2021-08-16 11:37:02, 79366, 79311
2021-08-16 11:37:03, 78641, 79651
2021-08-16 11:37:04, 79731, 79651
2021-08-16 11:37:05, 78641, 78972
2021-08-16 11:37:06, 78641, 79311
2021-08-16 11:37:07, 79002, 79311
2021-08-16 11:37:08, 79002, 79311
2021-08-16 11:37:09, 78641, 78972
2021-08-16 11:37:10, 78641, 79311
2021-08-16 11:37:11, 78641, 78635
2021-08-16 11:37:12, 78641, 78972
2021-08-16 11:37:13, 77572, 78972
2021-08-16 11:37:14, 77926, 78972
2021-08-16 11:37:15, 78641, 78635
2021-08-16 11:37:16, 78641, 78972
2021-08-16 11:37:17, 78282, 79311
2021-08-16 11:37:18, 79731, 78635
2021-08-16 11:37:19, 80100, 78300
2021-08-16 11:37:20, 78641, 78635
2021-08-16 11:37:21, 78641, 78635
2021-08-16 11:37:22, 79002, 78635
2021-08-16 11:37:23, 79002, 78635
2021-08-16 11:37:24, 79002, 78300
2021-08-16 11:37:25, 79002, 77967
2021-08-16 11:37:26, 78641, 78300
2021-08-16 11:37:27, 79002, 78300
2021-08-16 11:37:28, 79366, 78300
2021-08-16 11:37:30, 79002, 77967
2021-08-16 11:37:31, 79002, 77635
2021-08-16 11:37:32, 79366, 77967
2021-08-16 11:37:33, 78641, 77967
2021-08-16 11:37:34, 78282, 77967
2021-08-16 11:37:35, 78641, 77967
2021-08-16 11:37:36, 79002, 77967
2021-08-16 11:37:37, 78641, 77967
2021-08-16 11:37:38, 78282, 77635
2021-08-16 11:37:39, 78282, 77635
2021-08-16 11:37:40, 78641, 77635
2021-08-16 11:37:41, 78282, 77635
2021-08-16 11:37:42, 78641, 77306
2021-08-16 11:37:43, 79002, 77635
2021-08-16 11:37:44, 78282, 77635
2021-08-16 11:37:45, 78641, 77635
2021-08-16 11:37:46, 78282, 77967
2021-08-16 11:37:47, 77926, 77967
2021-08-16 11:37:48, 77926, 77306
2021-08-16 11:37:49, 78282, 77306
2021-08-16 11:37:50, 78282, 77967
2021-08-16 11:37:51, 78282, 77306
2021-08-16 11:37:52, 78282, 76978
2021-08-16 11:37:53, 79366, 77635
2021-08-16 11:37:54, 77926, 77306
2021-08-16 11:37:55, 77926, 77635
2021-08-16 11:37:56, 78641, 77967
2021-08-16 11:37:57, 78282, 77306
2021-08-16 11:37:58, 78641, 77306
2021-08-16 11:37:59, 79002, 76978
2021-08-16 11:38:00, 78641, 77306
2021-08-16 11:38:01, 78282, 76978
2021-08-16 11:38:02, 78282, 76978
2021-08-16 11:38:03, 78282, 76652
2021-08-16 11:38:04, 78282, 76652
2021-08-16 11:38:05, 77926, 76652
2021-08-16 11:38:06, 77572, 76652
2021-08-16 11:38:07, 77926, 76652
2021-08-16 11:38:08, 78282, 77306
2021-08-16 11:38:09, 78282, 76327
2021-08-16 11:38:10, 78282, 76652
2021-08-16 11:38:11, 78282, 76978
2021-08-16 11:38:12, 78282, 76327
2021-08-16 11:38:13, 77926, 76327
2021-08-16 11:38:14, 77926, 76652
2021-08-16 11:38:15, 78282, 76327
2021-08-16 11:38:16, 77572, 76005
2021-08-16 11:38:17, 76176, 75684
2021-08-16 11:38:18, 77572, 75365
2021-08-16 11:38:19, 78282, 75684
2021-08-16 11:38:20, 77926, 75684
2021-08-16 11:38:21, 77926, 75365
2021-08-16 11:38:22, 78282, 75365
2021-08-16 11:38:23, 77926, 75365
2021-08-16 11:38:24, 77926, 75365
2021-08-16 11:38:25, 77926, 75048
2021-08-16 11:38:26, 77572, 75365
2021-08-16 11:38:27, 78282, 75365
2021-08-16 11:38:28, 78282, 74732
2021-08-16 11:38:29, 78282, 76005
2021-08-16 11:38:30, 77926, 75048
2021-08-16 11:38:31, 77926, 75048
2021-08-16 11:38:32, 77926, 75365
2021-08-16 11:38:33, 77926, 74732
2021-08-16 11:38:34, 79002, 75048
2021-08-16 11:38:35, 77926, 75048
2021-08-16 11:38:36, 78282, 75365
2021-08-16 11:38:37, 77572, 75048
2021-08-16 11:38:38, 77572, 75048
2021-08-16 11:38:39, 77572, 75048
2021-08-16 11:38:40, 77572, 74418
2021-08-16 11:38:41, 77220, 74732
2021-08-16 11:38:42, 77926, 74732
2021-08-16 11:38:43, 79002, 75048
2021-08-16 11:38:44, 77926, 75365
2021-08-16 11:38:45, 77572, 74732
2021-08-16 11:38:46, 77572, 74732
2021-08-16 11:38:47, 77220, 74418
2021-08-16 11:38:48, 77926, 74106
2021-08-16 11:38:49, 77572, 74418
2021-08-16 11:38:50, 76522, 74418
2021-08-16 11:38:51, 77220, 74732
2021-08-16 11:38:52, 77220, 74418
2021-08-16 11:38:53, 77220, 74106
2021-08-16 11:38:54, 77572, 74418
2021-08-16 11:38:55, 76870, 74106
2021-08-16 11:38:56, 77220, 74106
2021-08-16 11:38:57, 77220, 73795
2021-08-16 11:38:58, 78641, 74106
2021-08-16 11:38:59, 76870, 74106
2021-08-16 11:39:00, 78641, 74106
2021-08-16 11:39:01, 77572, 74106
2021-08-16 11:39:02, 76870, 74106
2021-08-16 11:39:03, 77220, 74106
2021-08-16 11:39:04, 76870, 74106
2021-08-16 11:39:05, 76522, 74106
2021-08-16 11:39:06, 76870, 74106
2021-08-16 11:39:07, 76870, 74106
2021-08-16 11:39:08, 76870, 74106
2021-08-16 11:39:09, 76522, 73795
2021-08-16 11:39:10, 76522, 74106
2021-08-16 11:39:11, 76522, 74106
2021-08-16 11:39:12, 77220, 74418
2021-08-16 11:39:13, 77572, 74418
2021-08-16 11:39:14, 76522, 74732
2021-08-16 11:39:15, 76870, 74106
2021-08-16 11:39:16, 76522, 74418
2021-08-16 11:39:17, 76522, 74418
2021-08-16 11:39:18, 76870, 73795
2021-08-16 11:39:19, 76870, 73795
2021-08-16 11:39:20, 76176, 73486
2021-08-16 11:39:21, 76522, 73486
2021-08-16 11:39:22, 76522, 73486
2021-08-16 11:39:23, 76522, 73486
2021-08-16 11:39:24, 76176, 73486
2021-08-16 11:39:25, 76176, 72873
2021-08-16 11:39:26, 76176, 73179
2021-08-16 11:39:27, 76522, 73179
2021-08-16 11:39:28, 75833, 73486
2021-08-16 11:39:29, 76522, 73486
2021-08-16 11:39:30, 77220, 72873
2021-08-16 11:39:31, 76176, 73179
2021-08-16 11:39:32, 76176, 72873
2021-08-16 11:39:33, 76176, 73179
2021-08-16 11:39:34, 77220, 73179
2021-08-16 11:39:35, 75833, 73179
2021-08-16 11:39:36, 75833, 72873
2021-08-16 11:39:37, 75833, 73179
2021-08-16 11:39:38, 75833, 72569
2021-08-16 11:39:39, 75833, 72873
2021-08-16 11:39:40, 75833, 72873
2021-08-16 11:39:41, 75833, 72873
2021-08-16 11:39:42, 75833, 72873
2021-08-16 11:39:43, 75492, 72873
2021-08-16 11:39:44, 76176, 72873
2021-08-16 11:39:45, 76176, 72873
2021-08-16 11:39:46, 76522, 72873
2021-08-16 11:39:47, 76522, 73179
2021-08-16 11:39:48, 76176, 73795
2021-08-16 11:39:49, 76522, 73486
2021-08-16 11:39:50, 76522, 73486
2021-08-16 11:39:51, 76522, 73486
2021-08-16 11:39:52, 77220, 74418
2021-08-16 11:39:53, 76870, 74418
2021-08-16 11:39:54, 77220, 74106
2021-08-16 11:39:55, 76522, 74418
2021-08-16 11:39:56, 77220, 74106
2021-08-16 11:39:57, 77220, 74732
2021-08-16 11:39:58, 76870, 74732
2021-08-16 11:39:59, 76870, 75048
2021-08-16 11:40:00, 76870, 75048
2021-08-16 11:40:01, 76870, 75365
2021-08-16 11:40:02, 76870, 75365
2021-08-16 11:40:03, 76870, 75365
2021-08-16 11:40:04, 77220, 75684
2021-08-16 11:40:05, 76522, 75365
2021-08-16 11:40:06, 77220, 75684
2021-08-16 11:40:07, 77220, 76327
2021-08-16 11:40:08, 77926, 75684
2021-08-16 11:40:09, 77220, 75684
2021-08-16 11:40:10, 76870, 76005
2021-08-16 11:40:11, 76870, 75684
2021-08-16 11:40:12, 77572, 75684
2021-08-16 11:40:13, 77220, 76005
2021-08-16 11:40:14, 76522, 76005
2021-08-16 11:40:15, 77220, 76005
2021-08-16 11:40:16, 77220, 76005
2021-08-16 11:40:17, 77220, 76005
2021-08-16 11:40:18, 77220, 76652
2021-08-16 11:40:19, 77572, 76327
2021-08-16 11:40:20, 77220, 76327
2021-08-16 11:40:21, 77220, 76327
2021-08-16 11:40:22, 78282, 76327
2021-08-16 11:40:23, 77926, 76978
2021-08-16 11:40:24, 77220, 76327
2021-08-16 11:40:25, 77572, 76327
2021-08-16 11:40:26, 77220, 76978
2021-08-16 11:40:27, 77220, 76327
2021-08-16 11:40:28, 77220, 76327
2021-08-16 11:40:29, 77572, 76327
2021-08-16 11:40:30, 77572, 76327
2021-08-16 11:40:31, 77572, 76327
2021-08-16 11:40:32, 77572, 76005
2021-08-16 11:40:33, 77572, 76652
2021-08-16 11:40:34, 77572, 76652
2021-08-16 11:40:35, 77926, 76978
2021-08-16 11:40:36, 77220, 76978
2021-08-16 11:40:37, 77220, 76652
2021-08-16 11:40:38, 77572, 76652
2021-08-16 11:40:39, 77220, 76978
2021-08-16 11:40:40, 77572, 76978
2021-08-16 11:40:41, 77572, 76978
2021-08-16 11:40:42, 77220, 77306
2021-08-16 11:40:43, 77572, 77306
2021-08-16 11:40:44, 77926, 77635
2021-08-16 11:40:45, 77572, 78300
2021-08-16 11:40:46, 77926, 77635
2021-08-16 11:40:47, 77220, 77635
2021-08-16 11:40:48, 77572, 77635
2021-08-16 11:40:49, 77572, 77635
2021-08-16 11:40:50, 78282, 77967
2021-08-16 11:40:51, 77572, 78300
2021-08-16 11:40:52, 77572, 78635
2021-08-16 11:40:53, 76176, 77967
2021-08-16 11:40:54, 77926, 78300
2021-08-16 11:40:55, 76870, 78635
2021-08-16 11:40:56, 77572, 78635
2021-08-16 11:40:57, 77926, 78635
2021-08-16 11:40:58, 77220, 78635
2021-08-16 11:40:59, 77926, 78635
2021-08-16 11:41:00, 78282, 78635
2021-08-16 11:41:01, 77572, 78972
2021-08-16 11:41:02, 79002, 78972
2021-08-16 11:41:03, 77926, 79311
2021-08-16 11:41:04, 78282, 79311
2021-08-16 11:41:05, 78641, 79651
2021-08-16 11:41:06, 77926, 80338
2021-08-16 11:41:07, 78282, 79651
2021-08-16 11:41:08, 77926, 79651
2021-08-16 11:41:09, 79002, 79994
2021-08-16 11:41:10, 77926, 79994
2021-08-16 11:41:11, 77572, 79994
2021-08-16 11:41:12, 77926, 79994
2021-08-16 11:41:13, 77926, 79994
2021-08-16 11:41:14, 77926, 80338
2021-08-16 11:41:15, 77926, 80338
2021-08-16 11:41:16, 77926, 80338
2021-08-16 11:41:17, 75492, 80338
2021-08-16 11:41:18, 77926, 80338
2021-08-16 11:41:19, 77220, 80338
2021-08-16 11:41:20, 78282, 80685
2021-08-16 11:41:21, 77926, 80685
2021-08-16 11:41:22, 77926, 81033
2021-08-16 11:41:23, 78282, 81033
2021-08-16 11:41:24, 77926, 80685
2021-08-16 11:41:25, 77926, 81384
2021-08-16 11:41:26, 78282, 81033
2021-08-16 11:41:27, 77926, 81033
2021-08-16 11:41:28, 77926, 81384
2021-08-16 11:41:29, 77926, 81033
2021-08-16 11:41:30, 77572, 81736
2021-08-16 11:41:31, 77926, 82090
2021-08-16 11:41:32, 79731, 82447
2021-08-16 11:41:33, 78282, 81736
2021-08-16 11:41:34, 78641, 81736
2021-08-16 11:41:35, 77926, 81736
2021-08-16 11:41:36, 78282, 82090
2021-08-16 11:41:37, 78282, 81736
2021-08-16 11:41:38, 78282, 82447
2021-08-16 11:41:39, 77926, 82090
2021-08-16 11:41:40, 78282, 82090
2021-08-16 11:41:41, 78282, 82090
2021-08-16 11:41:42, 78282, 82447
2021-08-16 11:41:43, 78282, 82447
2021-08-16 11:41:44, 77926, 82447
2021-08-16 11:41:45, 77926, 82805
2021-08-16 11:41:46, 77220, 83166
2021-08-16 11:41:47, 78641, 83893
2021-08-16 11:41:48, 78282, 82805
2021-08-16 11:41:49, 78282, 82805
2021-08-16 11:41:50, 79731, 82805
2021-08-16 11:41:51, 77926, 82805
2021-08-16 11:41:52, 78282, 83528
2021-08-16 11:41:53, 78641, 83528
2021-08-16 11:41:54, 77926, 83528
2021-08-16 11:41:55, 78282, 83166
2021-08-16 11:41:56, 78282, 83528
2021-08-16 11:41:57, 78282, 83528
2021-08-16 11:41:58, 79002, 83893
2021-08-16 11:41:59, 78641, 83166
2021-08-16 11:42:00, 78641, 83528
2021-08-16 11:42:01, 77926, 83528
2021-08-16 11:42:02, 78282, 83528
2021-08-16 11:42:03, 78282, 83893
2021-08-16 11:42:04, 78282, 84260
2021-08-16 11:42:05, 78282, 83893
2021-08-16 11:42:06, 78282, 84260
2021-08-16 11:42:07, 78282, 84260
2021-08-16 11:42:08, 78641, 84260
2021-08-16 11:42:09, 78282, 84628
2021-08-16 11:42:10, 77926, 84628
2021-08-16 11:42:11, 78641, 84260
2021-08-16 11:42:12, 78641, 85373
2021-08-16 11:42:13, 79002, 85373
2021-08-16 11:42:14, 78282, 85000
2021-08-16 11:42:15, 78641, 85373
2021-08-16 11:42:16, 78641, 85000
2021-08-16 11:42:17, 78282, 85000
2021-08-16 11:42:18, 78282, 85000
2021-08-16 11:42:19, 78641, 85000
2021-08-16 11:42:20, 78282, 85373
2021-08-16 11:42:21, 78282, 85748
2021-08-16 11:42:22, 78282, 85000
2021-08-16 11:42:23, 78282, 85373
2021-08-16 11:42:24, 78282, 85748
2021-08-16 11:42:25, 78641, 85748
2021-08-16 11:42:26, 78641, 85373
2021-08-16 11:42:27, 79002, 85748
2021-08-16 11:42:28, 79002, 85748
2021-08-16 11:42:29, 78641, 85748
2021-08-16 11:42:30, 78282, 85748
2021-08-16 11:42:31, 78282, 86126
2021-08-16 11:42:32, 78282, 86126
2021-08-16 11:42:33, 78641, 86126
2021-08-16 11:42:34, 78641, 86505
2021-08-16 11:42:35, 78641, 86126
2021-08-16 11:42:36, 78641, 86505
2021-08-16 11:42:37, 77926, 86887
2021-08-16 11:42:38, 78641, 87272
2021-08-16 11:42:39, 78282, 86887
2021-08-16 11:42:40, 78641, 87272
2021-08-16 11:42:41, 78641, 86887
2021-08-16 11:42:42, 78641, 86887
2021-08-16 11:42:43, 78641, 87272
2021-08-16 11:42:44, 78282, 88047
2021-08-16 11:42:45, 77572, 88047
2021-08-16 11:42:46, 78641, 87658
2021-08-16 11:42:47, 78282, 87658
2021-08-16 11:42:48, 78282, 88438
2021-08-16 11:42:49, 76870, 88047
2021-08-16 11:42:50, 78641, 88047
2021-08-16 11:42:51, 78282, 88047
2021-08-16 11:42:52, 78641, 88047
2021-08-16 11:42:53, 78641, 88047
2021-08-16 11:42:54, 77926, 88047
2021-08-16 11:42:55, 78641, 88438
2021-08-16 11:42:56, 79002, 87272
2021-08-16 11:42:57, 78641, 88438
2021-08-16 11:42:58, 78641, 89228
2021-08-16 11:42:59, 78282, 88832
2021-08-16 11:43:00, 78282, 88832
2021-08-16 11:43:01, 78282, 88832
2021-08-16 11:43:02, 78641, 88438
2021-08-16 11:43:03, 79731, 88832
2021-08-16 11:43:04, 78641, 88832
2021-08-16 11:43:05, 78282, 89626
2021-08-16 11:43:06, 78641, 89228
2021-08-16 11:43:07, 78282, 89626
2021-08-16 11:43:08, 78282, 89228
2021-08-16 11:43:09, 78641, 89626
2021-08-16 11:43:10, 78282, 89626
2021-08-16 11:43:11, 78641, 89626
2021-08-16 11:43:12, 78641, 89626
2021-08-16 11:43:13, 78282, 89626
2021-08-16 11:43:14, 77572, 89626
2021-08-16 11:43:15, 78641, 90027
2021-08-16 11:43:16, 78641, 90027
2021-08-16 11:43:17, 78641, 90430
2021-08-16 11:43:18, 78641, 90430
2021-08-16 11:43:19, 79002, 90430
2021-08-16 11:43:20, 79002, 90027
2021-08-16 11:43:21, 79002, 90430
2021-08-16 11:43:22, 79366, 90430
2021-08-16 11:43:23, 78641, 90835
2021-08-16 11:43:24, 79002, 91243
2021-08-16 11:43:25, 79002, 90835
2021-08-16 11:43:26, 79002, 91654
2021-08-16 11:43:27, 79002, 91243
2021-08-16 11:43:28, 79002, 91243
2021-08-16 11:43:29, 79002, 91654
2021-08-16 11:43:30, 79002, 91654
2021-08-16 11:43:31, 79002, 91654
2021-08-16 11:43:32, 79002, 92067
2021-08-16 11:43:33, 79002, 92067
2021-08-16 11:43:34, 79002, 92067
2021-08-16 11:43:35, 79366, 92067
2021-08-16 11:43:36, 79002, 92067
2021-08-16 11:43:37, 79366, 92067
2021-08-16 11:43:38, 79002, 92901
2021-08-16 11:43:39, 79002, 92483
2021-08-16 11:43:40, 79002, 92901
2021-08-16 11:43:41, 79366, 92901
2021-08-16 11:43:42, 79002, 92901
2021-08-16 11:43:43, 79002, 92901
2021-08-16 11:43:44, 79002, 92901
2021-08-16 11:43:45, 79366, 92901
2021-08-16 11:43:46, 78641, 92901
2021-08-16 11:43:47, 78641, 94171
2021-08-16 11:43:48, 78282, 93745
2021-08-16 11:43:49, 79002, 93745
2021-08-16 11:43:50, 78641, 92901
2021-08-16 11:43:51, 78641, 93745
2021-08-16 11:43:52, 78282, 93745
2021-08-16 11:43:53, 78282, 94171
2021-08-16 11:43:54, 78641, 94171
2021-08-16 11:43:55, 78641, 94171
2021-08-16 11:43:56, 78641, 94171
2021-08-16 11:43:57, 78641, 94600
2021-08-16 11:43:58, 78641, 94171
2021-08-16 11:43:59, 78641, 94171
2021-08-16 11:44:00, 78641, 94600
2021-08-16 11:44:01, 78641, 94600
2021-08-16 11:44:02, 79002, 95031
2021-08-16 11:44:03, 78282, 95031
2021-08-16 11:44:04, 78641, 95031
2021-08-16 11:44:05, 79002, 94600
2021-08-16 11:44:06, 78641, 95031
2021-08-16 11:44:07, 79002, 95031
2021-08-16 11:44:08, 78641, 95465
2021-08-16 11:44:09, 78641, 95465
2021-08-16 11:44:10, 79002, 95465
2021-08-16 11:44:11, 79731, 95465
2021-08-16 11:44:12, 78282, 95465
2021-08-16 11:44:13, 78641, 95465
2021-08-16 11:44:14, 79002, 96341
2021-08-16 11:44:15, 78641, 96341
2021-08-16 11:44:16, 78641, 96341
2021-08-16 11:44:17, 78641, 94600
2021-08-16 11:44:18, 79002, 96341
2021-08-16 11:44:19, 79002, 96341
2021-08-16 11:44:20, 78641, 96784
2021-08-16 11:44:21, 78641, 96341
2021-08-16 11:44:22, 79002, 96784
2021-08-16 11:44:23, 79002, 96341
2021-08-16 11:44:24, 79002, 96784
2021-08-16 11:44:25, 79002, 97229
2021-08-16 11:44:26, 78641, 96341
2021-08-16 11:44:27, 76870, 97229
2021-08-16 11:44:28, 78282, 97229
2021-08-16 11:44:29, 79731, 97229
2021-08-16 11:44:30, 78641, 97677
2021-08-16 11:44:31, 78641, 97677
2021-08-16 11:44:32, 79002, 97677
2021-08-16 11:44:33, 79002, 97677
2021-08-16 11:44:34, 79366, 97677
2021-08-16 11:44:35, 78641, 98128
2021-08-16 11:44:36, 79366, 98128
2021-08-16 11:44:37, 79002, 98128
2021-08-16 11:44:38, 79002, 98128
2021-08-16 11:44:39, 78641, 98128
2021-08-16 11:44:40, 79002, 98128
2021-08-16 11:44:41, 78641, 98581
2021-08-16 11:44:42, 79002, 98128
2021-08-16 11:44:43, 78641, 98581
2021-08-16 11:44:44, 78641, 98581
2021-08-16 11:44:45, 78641, 98581
2021-08-16 11:44:46, 78641, 99038
2021-08-16 11:44:47, 78641, 99038
2021-08-16 11:44:48, 78641, 99498
2021-08-16 11:44:49, 78641, 99038
2021-08-16 11:44:50, 78641, 99498
2021-08-16 11:44:51, 78641, 98581
2021-08-16 11:44:52, 77220, 99038
2021-08-16 11:44:53, 78641, 99498
2021-08-16 11:44:54, 78641, 99038
2021-08-16 11:44:55, 79731, 99498
2021-08-16 11:44:56, 78641, 99498
2021-08-16 11:44:57, 79002, 100426
2021-08-16 11:44:58, 79366, 99498
2021-08-16 11:44:59, 79002, 99498
2021-08-16 11:45:00, 78282, 98581
2021-08-16 11:45:01, 79002, 99498
2021-08-16 11:45:02, 78282, 99038
2021-08-16 11:45:03, 77926, 99498
2021-08-16 11:45:04, 79002, 99498
2021-08-16 11:45:05, 78641, 99498
2021-08-16 11:45:06, 78641, 99498
2021-08-16 11:45:07, 78641, 99038
2021-08-16 11:45:08, 78641, 99038
2021-08-16 11:45:09, 78641, 99038
2021-08-16 11:45:10, 79002, 99038
2021-08-16 11:45:11, 78641, 99038
2021-08-16 11:45:12, 78641, 98128
2021-08-16 11:45:13, 78641, 98581
2021-08-16 11:45:14, 79366, 99038
2021-08-16 11:45:15, 79002, 99038
2021-08-16 11:45:16, 79002, 99038
2021-08-16 11:45:17, 78641, 99038
2021-08-16 11:45:18, 78641, 98581
2021-08-16 11:45:19, 79366, 98581
2021-08-16 11:45:20, 78641, 99038
2021-08-16 11:45:21, 78641, 98581
2021-08-16 11:45:22, 79002, 99038
2021-08-16 11:45:23, 79002, 98581
2021-08-16 11:45:24, 79002, 99038
2021-08-16 11:45:25, 78641, 98581
2021-08-16 11:45:26, 78641, 98128
2021-08-16 11:45:27, 78282, 98128
2021-08-16 11:45:28, 78282, 98581
2021-08-16 11:45:29, 78641, 98581
2021-08-16 11:45:30, 79002, 98581
2021-08-16 11:45:31, 78641, 98581
2021-08-16 11:45:32, 78641, 98581
2021-08-16 11:45:33, 78641, 98128
2021-08-16 11:45:34, 78641, 98128
2021-08-16 11:45:35, 78641, 98128
2021-08-16 11:45:36, 78641, 97677
2021-08-16 11:45:37, 78641, 98128
2021-08-16 11:45:38, 78641, 98128
2021-08-16 11:45:39, 78641, 99038
2021-08-16 11:45:40, 79366, 98128
2021-08-16 11:45:41, 78641, 98128
2021-08-16 11:45:42, 79002, 98581
2021-08-16 11:45:43, 79002, 98128
2021-08-16 11:45:44, 79002, 97677
2021-08-16 11:45:45, 78641, 98128
2021-08-16 11:45:46, 78641, 97677
2021-08-16 11:45:47, 78641, 97677
2021-08-16 11:45:48, 78641, 97677
2021-08-16 11:45:49, 78641, 97677
2021-08-16 11:45:50, 79366, 97677
2021-08-16 11:45:51, 78641, 98128
2021-08-16 11:45:52, 78282, 98128
2021-08-16 11:45:53, 77926, 97677
2021-08-16 11:45:54, 78641, 97677
2021-08-16 11:45:55, 78641, 97677
2021-08-16 11:45:56, 78641, 97677
2021-08-16 11:45:57, 78641, 97677
2021-08-16 11:45:58, 79002, 97677
2021-08-16 11:45:59, 78282, 97677
2021-08-16 11:46:00, 78282, 97677
2021-08-16 11:46:01, 78282, 97677
2021-08-16 11:46:02, 78282, 97677
2021-08-16 11:46:03, 78641, 97677
2021-08-16 11:46:04, 78641, 97677
2021-08-16 11:46:05, 78641, 97677
2021-08-16 11:46:06, 78641, 97677
2021-08-16 11:46:07, 78641, 97677
2021-08-16 11:46:08, 78641, 97677
2021-08-16 11:46:09, 78641, 97677
2021-08-16 11:46:10, 77926, 97229
2021-08-16 11:46:11, 78641, 97677
2021-08-16 11:46:12, 78641, 98128
2021-08-16 11:46:13, 78282, 97677
2021-08-16 11:46:14, 78641, 97677
2021-08-16 11:46:15, 79002, 97677
2021-08-16 11:46:16, 76870, 97677
2021-08-16 11:46:17, 78641, 97677
2021-08-16 11:46:18, 78641, 97229
2021-08-16 11:46:19, 79002, 97677
2021-08-16 11:46:20, 78641, 97229
2021-08-16 11:46:21, 78641, 97229
2021-08-16 11:46:22, 78641, 97229
2021-08-16 11:46:23, 79731, 98128
2021-08-16 11:46:24, 78641, 98128
2021-08-16 11:46:25, 78641, 97229
2021-08-16 11:46:26, 78641, 97229
2021-08-16 11:46:27, 77926, 96784
2021-08-16 11:46:28, 78641, 97229
2021-08-16 11:46:29, 78282, 96784
2021-08-16 11:46:30, 78641, 97229
2021-08-16 11:46:31, 78641, 96784
2021-08-16 11:46:32, 78282, 96784
2021-08-16 11:46:33, 78641, 96784
2021-08-16 11:46:34, 78641, 96784
2021-08-16 11:46:35, 78282, 96784
2021-08-16 11:46:36, 78282, 97229
2021-08-16 11:46:37, 78641, 96784
2021-08-16 11:46:38, 78641, 96784
2021-08-16 11:46:39, 78641, 96784
2021-08-16 11:46:40, 78641, 96784
2021-08-16 11:46:41, 78641, 97229
2021-08-16 11:46:42, 79002, 96784
2021-08-16 11:46:43, 78641, 96784
2021-08-16 11:46:44, 78641, 96784
2021-08-16 11:46:45, 78641, 96784
2021-08-16 11:46:46, 78641, 96784
2021-08-16 11:46:47, 78641, 97229
2021-08-16 11:46:48, 78641, 96784
2021-08-16 11:46:49, 78641, 96784
2021-08-16 11:46:50, 78641, 96784
2021-08-16 11:46:51, 78282, 96784
2021-08-16 11:46:52, 78641, 96784
2021-08-16 11:46:53, 78282, 96784
2021-08-16 11:46:54, 76522, 96784
2021-08-16 11:46:55, 78641, 96784
2021-08-16 11:46:56, 78282, 96784
2021-08-16 11:46:57, 78282, 96784
2021-08-16 11:46:58, 78282, 96784
2021-08-16 11:46:59, 78282, 96784
2021-08-16 11:47:00, 77926, 96784
2021-08-16 11:47:01, 78282, 96341
2021-08-16 11:47:02, 78282, 96784
2021-08-16 11:47:03, 78282, 96784
2021-08-16 11:47:04, 78282, 96341
2021-08-16 11:47:05, 77572, 96784
2021-08-16 11:47:06, 79002, 96341
2021-08-16 11:47:07, 78282, 96784
2021-08-16 11:47:08, 77926, 96341
2021-08-16 11:47:09, 78641, 96341
2021-08-16 11:47:10, 77926, 96784
2021-08-16 11:47:11, 78282, 96341
2021-08-16 11:47:12, 78282, 96341
2021-08-16 11:47:13, 78282, 96341
2021-08-16 11:47:14, 78282, 96341
2021-08-16 11:47:15, 78282, 96341
2021-08-16 11:47:16, 77926, 96341
2021-08-16 11:47:17, 78282, 96341
2021-08-16 11:47:18, 78282, 96341
2021-08-16 11:47:19, 78641, 96784
2021-08-16 11:47:20, 78282, 96341
2021-08-16 11:47:21, 78282, 96341
2021-08-16 11:47:22, 78282, 96341
2021-08-16 11:47:23, 77926, 96341
2021-08-16 11:47:24, 78641, 96341
2021-08-16 11:47:25, 78282, 95902
2021-08-16 11:47:26, 78641, 96341
2021-08-16 11:47:27, 78282, 95902
2021-08-16 11:47:28, 77926, 96341
2021-08-16 11:47:29, 77926, 97229
2021-08-16 11:47:30, 77572, 96341
2021-08-16 11:47:31, 78282, 96341
2021-08-16 11:47:32, 78282, 95902
2021-08-16 11:47:33, 77926, 96784
2021-08-16 11:47:34, 79002, 96341
2021-08-16 11:47:35, 78282, 95902
2021-08-16 11:47:36, 78282, 95902
2021-08-16 11:47:37, 78641, 95902
2021-08-16 11:47:38, 77926, 96341
2021-08-16 11:47:39, 79366, 95902
2021-08-16 11:47:40, 77572, 96341
2021-08-16 11:47:41, 78282, 96341
2021-08-16 11:47:42, 77926, 95902
2021-08-16 11:47:43, 79002, 95902
2021-08-16 11:47:44, 77926, 96341
2021-08-16 11:47:45, 78282, 95902
2021-08-16 11:47:46, 77926, 95902
2021-08-16 11:47:47, 77926, 96341
2021-08-16 11:47:48, 77926, 95902
2021-08-16 11:47:49, 77572, 95465
2021-08-16 11:47:50, 77926, 95465
2021-08-16 11:47:51, 77926, 95465
2021-08-16 11:47:52, 77926, 95465
2021-08-16 11:47:53, 78282, 95465
2021-08-16 11:47:54, 77926, 95902
2021-08-16 11:47:55, 79002, 95465
2021-08-16 11:47:56, 78282, 95902
2021-08-16 11:47:57, 77926, 95465
2021-08-16 11:47:58, 78641, 95465
2021-08-16 11:47:59, 77572, 95465
2021-08-16 11:48:00, 78282, 95031
2021-08-16 11:48:01, 78282, 95465
2021-08-16 11:48:02, 77926, 95465
2021-08-16 11:48:03, 78641, 95465
2021-08-16 11:48:04, 78282, 95031
2021-08-16 11:48:05, 77926, 95031
2021-08-16 11:48:06, 77926, 95465
2021-08-16 11:48:07, 77572, 95031
2021-08-16 11:48:08, 78282, 95031
2021-08-16 11:48:09, 77926, 95465
2021-08-16 11:48:10, 78282, 95031
2021-08-16 11:48:11, 78282, 94600
2021-08-16 11:48:12, 77926, 94600
2021-08-16 11:48:13, 77926, 95031
2021-08-16 11:48:14, 77926, 94600
2021-08-16 11:48:15, 77572, 94171
2021-08-16 11:48:16, 77572, 94600
2021-08-16 11:48:17, 77926, 94600
2021-08-16 11:48:18, 77926, 94171
2021-08-16 11:48:19, 77572, 94171
2021-08-16 11:48:20, 77926, 94171
2021-08-16 11:48:21, 77926, 94171
2021-08-16 11:48:22, 78282, 94171
2021-08-16 11:48:23, 75492, 94600
2021-08-16 11:48:24, 78641, 92483
2021-08-16 11:48:25, 77220, 93745
2021-08-16 11:48:26, 77572, 93745
2021-08-16 11:48:27, 77572, 94600
2021-08-16 11:48:28, 77926, 93321
2021-08-16 11:48:29, 77572, 93321
2021-08-16 11:48:30, 77572, 93321
2021-08-16 11:48:31, 77572, 93321
2021-08-16 11:48:32, 77572, 92901
2021-08-16 11:48:33, 77572, 92901
2021-08-16 11:48:34, 78641, 92483
2021-08-16 11:48:35, 77220, 92483
2021-08-16 11:48:36, 77572, 91654
2021-08-16 11:48:37, 77926, 91654
2021-08-16 11:48:38, 78282, 92067
2021-08-16 11:48:39, 78641, 91654
2021-08-16 11:48:40, 77220, 92067
2021-08-16 11:48:41, 77220, 92067
2021-08-16 11:48:42, 77572, 91654
2021-08-16 11:48:43, 77572, 92067
2021-08-16 11:48:44, 77220, 91654
2021-08-16 11:48:45, 77220, 91654
2021-08-16 11:48:46, 77572, 91654
2021-08-16 11:48:47, 77220, 91654
2021-08-16 11:48:48, 77220, 91243
2021-08-16 11:48:49, 76870, 91654
2021-08-16 11:48:50, 77220, 90835
2021-08-16 11:48:51, 76870, 90835
2021-08-16 11:48:52, 77572, 91243
2021-08-16 11:48:53, 76870, 90835
2021-08-16 11:48:54, 78641, 90835
2021-08-16 11:48:55, 77572, 90835
2021-08-16 11:48:56, 77572, 90835
2021-08-16 11:48:57, 77572, 90835
2021-08-16 11:48:58, 77572, 90430
2021-08-16 11:48:59, 77220, 90430
2021-08-16 11:49:00, 77220, 90430
2021-08-16 11:49:01, 76870, 90027
2021-08-16 11:49:02, 77572, 90430
2021-08-16 11:49:03, 76870, 89626
2021-08-16 11:49:04, 76870, 89626
2021-08-16 11:49:05, 77220, 89228
2021-08-16 11:49:06, 77220, 89626
2021-08-16 11:49:07, 76870, 89626
2021-08-16 11:49:08, 77220, 89228
2021-08-16 11:49:09, 76870, 89228
2021-08-16 11:49:10, 76870, 88832
2021-08-16 11:49:11, 77220, 88832
2021-08-16 11:49:12, 76870, 88832
2021-08-16 11:49:13, 76870, 88438
2021-08-16 11:49:14, 76870, 88438
2021-08-16 11:49:15, 76870, 88047
2021-08-16 11:49:16, 76522, 87658
2021-08-16 11:49:17, 76176, 88047
2021-08-16 11:49:18, 76870, 88047
2021-08-16 11:49:19, 76522, 88047
2021-08-16 11:49:20, 76870, 87658
2021-08-16 11:49:21, 76870, 87272
2021-08-16 11:49:22, 76522, 87272
2021-08-16 11:49:23, 76522, 86887
2021-08-16 11:49:24, 76522, 86505
2021-08-16 11:49:25, 76522, 86887
2021-08-16 11:49:26, 76176, 86505
2021-08-16 11:49:27, 76870, 86887
2021-08-16 11:49:28, 76176, 86505
2021-08-16 11:49:29, 76176, 86887
2021-08-16 11:49:30, 75833, 86126
2021-08-16 11:49:31, 75492, 85748
2021-08-16 11:49:32, 76522, 85373
2021-08-16 11:49:33, 76176, 86126
2021-08-16 11:49:34, 75833, 85373
2021-08-16 11:49:35, 76176, 85373
2021-08-16 11:49:36, 76176, 85000
2021-08-16 11:49:37, 76176, 85000
2021-08-16 11:49:38, 76176, 85000
2021-08-16 11:49:39, 76176, 85000
2021-08-16 11:49:40, 76176, 84628
2021-08-16 11:49:41, 75833, 84628
2021-08-16 11:49:42, 76176, 84628
2021-08-16 11:49:43, 75833, 84260
2021-08-16 11:49:44, 75492, 85000
2021-08-16 11:49:45, 75492, 84260
2021-08-16 11:49:46, 77220, 84260
2021-08-16 11:49:47, 75833, 83893
2021-08-16 11:49:48, 75833, 83893
2021-08-16 11:49:49, 76176, 83893
2021-08-16 11:49:50, 75833, 83893
2021-08-16 11:49:51, 76176, 83528
2021-08-16 11:49:52, 76176, 83528
2021-08-16 11:49:53, 75833, 83528
2021-08-16 11:49:54, 75833, 83893
2021-08-16 11:49:55, 76176, 83166
2021-08-16 11:49:56, 76176, 82805
2021-08-16 11:49:57, 76176, 82805
2021-08-16 11:49:58, 75492, 82447
2021-08-16 11:49:59, 75492, 82805
2021-08-16 11:50:00, 75492, 82805
2021-08-16 11:50:01, 75833, 82805
2021-08-16 11:50:02, 75833, 82447
2021-08-16 11:50:03, 75833, 82447
2021-08-16 11:50:04, 75833, 82447
2021-08-16 11:50:05, 75833, 82447
2021-08-16 11:50:06, 76176, 82090
2021-08-16 11:50:07, 75833, 81736
2021-08-16 11:50:08, 76176, 82090
2021-08-16 11:50:09, 75833, 82090
2021-08-16 11:50:10, 75833, 82090
2021-08-16 11:50:11, 75833, 81736
2021-08-16 11:50:12, 75492, 82447
2021-08-16 11:50:13, 75833, 82447
2021-08-16 11:50:14, 75833, 82447
2021-08-16 11:50:15, 75833, 82090
2021-08-16 11:50:16, 75492, 81736
2021-08-16 11:50:17, 75833, 81384
2021-08-16 11:50:18, 76176, 81384
2021-08-16 11:50:19, 75833, 81736
2021-08-16 11:50:20, 75833, 81384
2021-08-16 11:50:21, 75833, 81736
2021-08-16 11:50:22, 75492, 81033
2021-08-16 11:50:23, 75833, 81384
2021-08-16 11:50:24, 76176, 80685
2021-08-16 11:50:25, 75492, 81384
2021-08-16 11:50:26, 74815, 81033
2021-08-16 11:50:27, 75833, 81384
2021-08-16 11:50:28, 75833, 80685
2021-08-16 11:50:29, 75492, 80685
2021-08-16 11:50:30, 75492, 80685
2021-08-16 11:50:31, 75492, 80338
2021-08-16 11:50:32, 75492, 80338
2021-08-16 11:50:33, 75833, 80338
2021-08-16 11:50:34, 75152, 80338
2021-08-16 11:50:35, 75492, 80685
2021-08-16 11:50:36, 75492, 79994
2021-08-16 11:50:37, 75492, 79994
2021-08-16 11:50:38, 76176, 79651
2021-08-16 11:50:39, 76522, 80685
2021-08-16 11:50:40, 75833, 79651
2021-08-16 11:50:41, 75492, 79311
2021-08-16 11:50:42, 75492, 79311
2021-08-16 11:50:43, 75492, 79311
2021-08-16 11:50:44, 75492, 80338
2021-08-16 11:50:45, 75833, 78972
2021-08-16 11:50:46, 75833, 78972
2021-08-16 11:50:47, 75492, 78972
2021-08-16 11:50:48, 76522, 79311
2021-08-16 11:50:49, 75152, 78300
2021-08-16 11:50:50, 75492, 77635
2021-08-16 11:50:51, 75492, 78300
2021-08-16 11:50:52, 75492, 78635
2021-08-16 11:50:53, 75152, 78635
2021-08-16 11:50:54, 75152, 78635
2021-08-16 11:50:55, 75492, 78300
2021-08-16 11:50:56, 75152, 78635
2021-08-16 11:50:57, 75152, 78300
2021-08-16 11:50:58, 74815, 78300
2021-08-16 11:50:59, 75492, 78635
2021-08-16 11:51:00, 75152, 78300
2021-08-16 11:51:01, 75152, 78300
2021-08-16 11:51:02, 76176, 78635
2021-08-16 11:51:03, 74480, 78300
2021-08-16 11:51:04, 75492, 78635
2021-08-16 11:51:05, 75152, 77967
2021-08-16 11:51:06, 75152, 78635
2021-08-16 11:51:07, 74815, 77635
2021-08-16 11:51:08, 75492, 77967
2021-08-16 11:51:09, 74480, 77967
2021-08-16 11:51:10, 75152, 77967
2021-08-16 11:51:11, 74815, 78300
2021-08-16 11:51:12, 74480, 77635
2021-08-16 11:51:13, 75152, 77967
2021-08-16 11:51:14, 74815, 77967
2021-08-16 11:51:15, 74815, 78300
2021-08-16 11:51:16, 75152, 77635
2021-08-16 11:51:17, 75152, 77635
2021-08-16 11:51:18, 73487, 77306
2021-08-16 11:51:19, 74815, 77306
2021-08-16 11:51:20, 74480, 77306
2021-08-16 11:51:21, 74815, 77306
2021-08-16 11:51:22, 74815, 76978
2021-08-16 11:51:23, 74480, 77306
2021-08-16 11:51:24, 74815, 77306
2021-08-16 11:51:25, 74480, 76978
2021-08-16 11:51:26, 74480, 76978
2021-08-16 11:51:27, 74815, 76978
2021-08-16 11:51:28, 74815, 76978
2021-08-16 11:51:29, 74480, 76652
2021-08-16 11:51:30, 75492, 76327
2021-08-16 11:51:31, 74815, 76327
2021-08-16 11:51:32, 73487, 76005
2021-08-16 11:51:33, 74480, 76005
2021-08-16 11:51:34, 74480, 76327
2021-08-16 11:51:35, 74815, 75684
2021-08-16 11:51:36, 74480, 76327
2021-08-16 11:51:37, 74480, 76005
2021-08-16 11:51:38, 74480, 75684
2021-08-16 11:51:39, 74480, 76005
2021-08-16 11:51:40, 74480, 75684
2021-08-16 11:51:41, 74815, 76005
2021-08-16 11:51:42, 74480, 75684
2021-08-16 11:51:43, 74147, 75684
2021-08-16 11:51:44, 74480, 75684
2021-08-16 11:51:45, 74815, 75684
2021-08-16 11:51:46, 74815, 75684
2021-08-16 11:51:47, 74480, 75365
2021-08-16 11:51:48, 74147, 75365
2021-08-16 11:51:49, 74480, 75365
2021-08-16 11:51:50, 74480, 75365
2021-08-16 11:51:51, 74480, 75365
2021-08-16 11:51:52, 74480, 75365
2021-08-16 11:51:53, 74147, 75365
2021-08-16 11:51:54, 74480, 75365
2021-08-16 11:51:55, 74147, 75048
2021-08-16 11:51:56, 74480, 75365
2021-08-16 11:51:57, 74480, 75365
2021-08-16 11:51:58, 74480, 75048
2021-08-16 11:51:59, 74480, 75048
2021-08-16 11:52:00, 74815, 74732
2021-08-16 11:52:01, 74147, 75365
2021-08-16 11:52:02, 74147, 75048
2021-08-16 11:52:03, 74480, 75048
2021-08-16 11:52:04, 74147, 74732
2021-08-16 11:52:05, 74147, 75048
2021-08-16 11:52:06, 74147, 75048
2021-08-16 11:52:07, 74147, 75048
2021-08-16 11:52:08, 74147, 75048
2021-08-16 11:52:09, 74480, 74732
2021-08-16 11:52:10, 75492, 75048
2021-08-16 11:52:11, 73816, 74732
2021-08-16 11:52:12, 74147, 74732
2021-08-16 11:52:13, 74147, 74732
2021-08-16 11:52:14, 74815, 75048
2021-08-16 11:52:15, 74480, 74418
2021-08-16 11:52:16, 74480, 75365
2021-08-16 11:52:17, 74147, 75048
2021-08-16 11:52:18, 74147, 75048
2021-08-16 11:52:19, 74147, 75048
2021-08-16 11:52:20, 74147, 74732
2021-08-16 11:52:21, 74147, 75048
2021-08-16 11:52:22, 73816, 74732
2021-08-16 11:52:23, 74147, 74732
2021-08-16 11:52:25, 74147, 74732
2021-08-16 11:52:26, 75152, 74732
2021-08-16 11:52:27, 74815, 74732
2021-08-16 11:52:28, 73816, 74732
2021-08-16 11:52:29, 73816, 74732
2021-08-16 11:52:30, 74147, 74732
2021-08-16 11:52:31, 74147, 75048
2021-08-16 11:52:32, 74147, 74732
2021-08-16 11:52:33, 74480, 74732
2021-08-16 11:52:34, 74480, 74732
2021-08-16 11:52:35, 74147, 74732
2021-08-16 11:52:36, 74147, 74418
2021-08-16 11:52:37, 74480, 74418
2021-08-16 11:52:38, 73487, 74418
2021-08-16 11:52:39, 74147, 74418
2021-08-16 11:52:40, 73816, 74418
2021-08-16 11:52:41, 74147, 74732
2021-08-16 11:52:42, 73816, 74418
2021-08-16 11:52:43, 73816, 74418
2021-08-16 11:52:44, 73816, 74418
2021-08-16 11:52:45, 74147, 74106
2021-08-16 11:52:46, 74815, 74418
2021-08-16 11:52:47, 74480, 74418
2021-08-16 11:52:48, 74147, 74418
2021-08-16 11:52:49, 73816, 74418
2021-08-16 11:52:50, 74147, 74418
2021-08-16 11:52:51, 74147, 74106
2021-08-16 11:52:52, 75152, 74418
2021-08-16 11:52:53, 74147, 74418
2021-08-16 11:52:54, 74147, 74418
2021-08-16 11:52:55, 74147, 74732
2021-08-16 11:52:56, 74815, 73795
2021-08-16 11:52:57, 74147, 74106
2021-08-16 11:52:58, 74147, 74106
2021-08-16 11:52:59, 74147, 73795
2021-08-16 11:53:00, 74147, 74106
2021-08-16 11:53:01, 74147, 73795
2021-08-16 11:53:02, 74147, 73795
2021-08-16 11:53:03, 74147, 73795
2021-08-16 11:53:04, 74480, 73795
2021-08-16 11:53:05, 72835, 73486
2021-08-16 11:53:06, 74147, 73795
2021-08-16 11:53:07, 74480, 73795
2021-08-16 11:53:08, 75152, 73795
2021-08-16 11:53:09, 75152, 74418
2021-08-16 11:53:10, 74147, 73795
2021-08-16 11:53:11, 75492, 73795
2021-08-16 11:53:12, 74147, 74106
2021-08-16 11:53:13, 74147, 73486
2021-08-16 11:53:14, 73816, 74106
2021-08-16 11:53:15, 74147, 73486
2021-08-16 11:53:16, 74147, 73486
2021-08-16 11:53:17, 74147, 73486
2021-08-16 11:53:18, 74147, 73179
2021-08-16 11:53:19, 74147, 73486
2021-08-16 11:53:20, 73487, 73795
2021-08-16 11:53:21, 74147, 73795
2021-08-16 11:53:22, 73816, 73486
2021-08-16 11:53:23, 74147, 73486
2021-08-16 11:53:24, 74147, 74106
2021-08-16 11:53:25, 73816, 73486
2021-08-16 11:53:26, 75152, 73179
2021-08-16 11:53:27, 75152, 73179
2021-08-16 11:53:28, 74147, 73179
2021-08-16 11:53:29, 73816, 73179
2021-08-16 11:53:30, 73816, 73486
2021-08-16 11:53:31, 73816, 73486
2021-08-16 11:53:32, 73487, 73179
2021-08-16 11:53:33, 73816, 73486
2021-08-16 11:53:34, 73816, 73795
2021-08-16 11:53:35, 73816, 73179
2021-08-16 11:53:36, 74147, 74106
2021-08-16 11:53:37, 73816, 73795
2021-08-16 11:53:38, 73816, 73179
2021-08-16 11:53:39, 74815, 73179
2021-08-16 11:53:40, 74147, 73179
2021-08-16 11:53:41, 74147, 73179
2021-08-16 11:53:42, 74815, 73179
2021-08-16 11:53:43, 74480, 73179
2021-08-16 11:53:44, 73816, 73179
2021-08-16 11:53:45, 73816, 73179
2021-08-16 11:53:46, 74147, 73179
2021-08-16 11:53:47, 73816, 72873
2021-08-16 11:53:48, 73816, 72873
2021-08-16 11:53:49, 74147, 72873
2021-08-16 11:53:50, 74147, 72873
2021-08-16 11:53:51, 73816, 72873
2021-08-16 11:53:52, 73816, 73179
2021-08-16 11:53:53, 73816, 72873
2021-08-16 11:53:54, 73487, 72873
2021-08-16 11:53:55, 73487, 73179
2021-08-16 11:53:56, 73487, 72873
2021-08-16 11:53:57, 73816, 72873
2021-08-16 11:53:58, 72511, 72873
2021-08-16 11:53:59, 73487, 72569
2021-08-16 11:54:00, 73816, 72873
2021-08-16 11:54:01, 73816, 72267
2021-08-16 11:54:02, 73816, 72267
2021-08-16 11:54:03, 73816, 71966
2021-08-16 11:54:04, 73487, 72569
2021-08-16 11:54:05, 74147, 72267
2021-08-16 11:54:06, 73816, 71966
2021-08-16 11:54:07, 74147, 72569
2021-08-16 11:54:08, 73816, 72569
2021-08-16 11:54:09, 73487, 71966
2021-08-16 11:54:10, 73487, 71966
2021-08-16 11:54:11, 73487, 72569
2021-08-16 11:54:12, 73160, 72267
2021-08-16 11:54:13, 73816, 71966
2021-08-16 11:54:14, 73487, 72267
2021-08-16 11:54:15, 73816, 72267
2021-08-16 11:54:16, 73487, 72267
2021-08-16 11:54:17, 73160, 71966
2021-08-16 11:54:18, 73487, 71966
2021-08-16 11:54:19, 73816, 72569
2021-08-16 11:54:20, 73487, 72267
2021-08-16 11:54:21, 73816, 72267
2021-08-16 11:54:22, 73816, 72873
2021-08-16 11:54:23, 73487, 72267
2021-08-16 11:54:24, 73816, 72267
2021-08-16 11:54:25, 73160, 72267
2021-08-16 11:54:26, 73816, 72267
2021-08-16 11:54:27, 73487, 72267
2021-08-16 11:54:28, 73816, 72267
2021-08-16 11:54:29, 73816, 72267
2021-08-16 11:54:30, 73816, 72267
2021-08-16 11:54:31, 73816, 72267
2021-08-16 11:54:32, 73816, 71966
2021-08-16 11:54:33, 73816, 72569
2021-08-16 11:54:34, 74480, 72569
2021-08-16 11:54:35, 73487, 72569
2021-08-16 11:54:36, 73816, 72569
2021-08-16 11:54:37, 73816, 72873
2021-08-16 11:54:38, 75152, 72873
2021-08-16 11:54:39, 73816, 72873
2021-08-16 11:54:40, 73816, 73179
2021-08-16 11:54:41, 73816, 73179
2021-08-16 11:54:42, 73816, 73179
2021-08-16 11:54:43, 73487, 73486
2021-08-16 11:54:44, 74147, 73179
2021-08-16 11:54:45, 73160, 73179
2021-08-16 11:54:46, 74147, 73486
2021-08-16 11:54:47, 73816, 73795
2021-08-16 11:54:48, 73816, 73795
2021-08-16 11:54:49, 74147, 74106
2021-08-16 11:54:50, 73816, 74106
2021-08-16 11:54:51, 74147, 74418
2021-08-16 11:54:52, 73487, 74418
2021-08-16 11:54:53, 74147, 74106
2021-08-16 11:54:54, 74147, 74418
2021-08-16 11:54:55, 74147, 74106
2021-08-16 11:54:56, 74147, 74418
2021-08-16 11:54:57, 74147, 74418
2021-08-16 11:54:58, 74480, 74418
2021-08-16 11:54:59, 74480, 74418
2021-08-16 11:55:00, 74480, 74418
2021-08-16 11:55:01, 74147, 74732
2021-08-16 11:55:02, 74480, 74732
2021-08-16 11:55:03, 74147, 74732
2021-08-16 11:55:04, 74480, 75365
2021-08-16 11:55:05, 74480, 74732
2021-08-16 11:55:06, 74815, 74732
2021-08-16 11:55:07, 74147, 74732
2021-08-16 11:55:08, 75492, 75048
2021-08-16 11:55:09, 74480, 74418
2021-08-16 11:55:10, 73816, 74418
2021-08-16 11:55:11, 73160, 75048
2021-08-16 11:55:12, 74480, 75048
2021-08-16 11:55:13, 74480, 74732
2021-08-16 11:55:14, 74480, 75048
2021-08-16 11:55:15, 74480, 75365
2021-08-16 11:55:16, 74147, 75048
2021-08-16 11:55:17, 74480, 75048
2021-08-16 11:55:18, 74480, 75684
2021-08-16 11:55:19, 74815, 76005
2021-08-16 11:55:20, 74815, 76005
2021-08-16 11:55:21, 74815, 76005
2021-08-16 11:55:22, 74815, 76005
2021-08-16 11:55:23, 74480, 76005
2021-08-16 11:55:24, 74480, 75684
2021-08-16 11:55:25, 74480, 75684
2021-08-16 11:55:26, 74147, 76005
2021-08-16 11:55:27, 74480, 76005
2021-08-16 11:55:28, 74480, 75684
2021-08-16 11:55:29, 74147, 76327
2021-08-16 11:55:30, 74815, 76327
2021-08-16 11:55:31, 74480, 76005
2021-08-16 11:55:32, 74480, 76327
2021-08-16 11:55:33, 74815, 76005
2021-08-16 11:55:34, 74480, 76005
2021-08-16 11:55:35, 74480, 76327
2021-08-16 11:55:36, 74480, 76005
2021-08-16 11:55:37, 74815, 76978
2021-08-16 11:55:38, 74815, 76652
2021-08-16 11:55:39, 74815, 76978
2021-08-16 11:55:40, 74815, 76652
2021-08-16 11:55:41, 74480, 76652
2021-08-16 11:55:42, 74815, 76652
2021-08-16 11:55:43, 74480, 76978
2021-08-16 11:55:44, 75152, 76652
2021-08-16 11:55:45, 75833, 76978
2021-08-16 11:55:46, 74815, 76978
2021-08-16 11:55:47, 74815, 76978
2021-08-16 11:55:48, 74147, 77306
2021-08-16 11:55:49, 74815, 77306
2021-08-16 11:55:50, 74815, 77306
2021-08-16 11:55:51, 74815, 77306
2021-08-16 11:55:52, 74815, 77306
2021-08-16 11:55:53, 74815, 77635
2021-08-16 11:55:54, 74480, 77635
2021-08-16 11:55:55, 73816, 77635
2021-08-16 11:55:56, 74815, 77635
2021-08-16 11:55:57, 75152, 77306
2021-08-16 11:55:58, 74480, 77967
2021-08-16 11:55:59, 75492, 78300
2021-08-16 11:56:00, 75152, 77967
2021-08-16 11:56:01, 74815, 77967
2021-08-16 11:56:02, 75152, 78300
2021-08-16 11:56:03, 74815, 78300
2021-08-16 11:56:04, 75152, 78300
2021-08-16 11:56:05, 74815, 78300
2021-08-16 11:56:06, 74480, 78635
2021-08-16 11:56:07, 75492, 78635
2021-08-16 11:56:08, 75492, 78635
2021-08-16 11:56:09, 73487, 78635
2021-08-16 11:56:10, 75152, 78972
2021-08-16 11:56:11, 74815, 78635
2021-08-16 11:56:12, 75492, 78972
2021-08-16 11:56:13, 75152, 79311
2021-08-16 11:56:14, 75152, 79311
2021-08-16 11:56:15, 75152, 78972
2021-08-16 11:56:16, 75492, 79311
2021-08-16 11:56:17, 75152, 79311
2021-08-16 11:56:18, 75492, 79651
2021-08-16 11:56:19, 75492, 79994
2021-08-16 11:56:20, 75492, 79651
2021-08-16 11:56:21, 75833, 79994
2021-08-16 11:56:22, 75492, 79994
2021-08-16 11:56:23, 75833, 79651
2021-08-16 11:56:24, 75492, 79994
2021-08-16 11:56:25, 75152, 80685
2021-08-16 11:56:26, 75492, 79994
2021-08-16 11:56:27, 75152, 80338
2021-08-16 11:56:28, 75492, 80338
2021-08-16 11:56:29, 75492, 80685
2021-08-16 11:56:30, 75152, 80685
2021-08-16 11:56:31, 75492, 80685
2021-08-16 11:56:32, 75152, 80685
2021-08-16 11:56:33, 75492, 80338
2021-08-16 11:56:34, 75152, 81033
2021-08-16 11:56:35, 75152, 81033
2021-08-16 11:56:36, 75492, 81033
2021-08-16 11:56:37, 74815, 81033
2021-08-16 11:56:38, 75492, 81033
2021-08-16 11:56:39, 75152, 81033
2021-08-16 11:56:40, 75492, 81384
2021-08-16 11:56:41, 75492, 81384
2021-08-16 11:56:42, 75152, 81384
2021-08-16 11:56:43, 75833, 81033
2021-08-16 11:56:44, 76522, 81384
2021-08-16 11:56:45, 75833, 82447
2021-08-16 11:56:46, 75152, 81736
2021-08-16 11:56:47, 75152, 81736
2021-08-16 11:56:48, 75492, 82090
2021-08-16 11:56:49, 75833, 82090
2021-08-16 11:56:50, 75492, 82090
2021-08-16 11:56:51, 75492, 82447
2021-08-16 11:56:52, 75492, 82447
2021-08-16 11:56:53, 75833, 82805
2021-08-16 11:56:54, 75492, 82805
2021-08-16 11:56:55, 75833, 82090
2021-08-16 11:56:56, 75492, 82447
2021-08-16 11:56:57, 75492, 82805
2021-08-16 11:56:58, 75492, 82805
2021-08-16 11:56:59, 75492, 83166
2021-08-16 11:57:00, 75833, 82805
2021-08-16 11:57:01, 75152, 83166
2021-08-16 11:57:02, 75833, 83166
2021-08-16 11:57:03, 75833, 83528
2021-08-16 11:57:04, 74480, 83528
2021-08-16 11:57:05, 76176, 83528
2021-08-16 11:57:06, 75152, 83893
2021-08-16 11:57:07, 75833, 83528
2021-08-16 11:57:08, 75492, 83893
2021-08-16 11:57:09, 75152, 83893
2021-08-16 11:57:10, 75492, 83893
2021-08-16 11:57:11, 75833, 84260
2021-08-16 11:57:12, 75492, 83893
2021-08-16 11:57:13, 76176, 83893
2021-08-16 11:57:14, 75492, 85000
2021-08-16 11:57:15, 75492, 84628
2021-08-16 11:57:16, 75492, 84260
2021-08-16 11:57:17, 76522, 84260
2021-08-16 11:57:18, 75833, 84628
2021-08-16 11:57:19, 75833, 84628
2021-08-16 11:57:20, 75492, 84628
2021-08-16 11:57:21, 75492, 85000
2021-08-16 11:57:22, 75492, 85000
2021-08-16 11:57:23, 75492, 85373
2021-08-16 11:57:24, 75492, 85000
2021-08-16 11:57:25, 75492, 85748
2021-08-16 11:57:26, 75152, 85373
2021-08-16 11:57:27, 75492, 85373
2021-08-16 11:57:28, 75492, 85748
2021-08-16 11:57:29, 75492, 85748
2021-08-16 11:57:30, 75492, 85748
2021-08-16 11:57:31, 75152, 86126
2021-08-16 11:57:32, 74815, 86505
2021-08-16 11:57:33, 75833, 85000
2021-08-16 11:57:34, 75492, 85748
2021-08-16 11:57:35, 75152, 86126
2021-08-16 11:57:36, 75492, 86505
2021-08-16 11:57:37, 75492, 86126
2021-08-16 11:57:38, 75492, 86505
2021-08-16 11:57:39, 75152, 87272
2021-08-16 11:57:40, 74815, 86887
2021-08-16 11:57:41, 75492, 86887
2021-08-16 11:57:42, 75152, 87272
2021-08-16 11:57:43, 75492, 87272
2021-08-16 11:57:44, 75152, 87272
2021-08-16 11:57:45, 75833, 87658
2021-08-16 11:57:46, 75492, 87272
2021-08-16 11:57:47, 75833, 87658
2021-08-16 11:57:48, 75833, 87658
2021-08-16 11:57:49, 75492, 87658
2021-08-16 11:57:50, 75152, 87658
2021-08-16 11:57:51, 75492, 87658
2021-08-16 11:57:52, 75492, 87658
2021-08-16 11:57:53, 75492, 87658
2021-08-16 11:57:54, 75492, 88047
2021-08-16 11:57:55, 75492, 87658
2021-08-16 11:57:56, 73816, 88438
2021-08-16 11:57:57, 75152, 88438
2021-08-16 11:57:58, 75492, 88047
2021-08-16 11:57:59, 76522, 88047
2021-08-16 11:58:00, 75833, 88438
2021-08-16 11:58:01, 75492, 88438
2021-08-16 11:58:02, 75492, 88832
2021-08-16 11:58:03, 75492, 88832
2021-08-16 11:58:04, 75492, 89228
2021-08-16 11:58:05, 76522, 88832
2021-08-16 11:58:06, 75492, 88832
2021-08-16 11:58:07, 76176, 88832
2021-08-16 11:58:08, 75833, 89228
2021-08-16 11:58:09, 75833, 89228
2021-08-16 11:58:10, 75492, 89228
2021-08-16 11:58:11, 75492, 89228
2021-08-16 11:58:12, 75492, 89228
2021-08-16 11:58:13, 75833, 89228
2021-08-16 11:58:14, 75492, 89228
2021-08-16 11:58:15, 75492, 89626
2021-08-16 11:58:16, 75492, 89626
2021-08-16 11:58:17, 76176, 89626
2021-08-16 11:58:18, 75833, 90027
2021-08-16 11:58:19, 75492, 90027
2021-08-16 11:58:20, 75492, 89626
2021-08-16 11:58:21, 75492, 90430
2021-08-16 11:58:22, 75152, 90027
2021-08-16 11:58:23, 75492, 90027
2021-08-16 11:58:24, 75152, 90835
2021-08-16 11:58:25, 75833, 90835
2021-08-16 11:58:26, 75492, 90430
2021-08-16 11:58:27, 75492, 90430
2021-08-16 11:58:28, 75492, 90430
2021-08-16 11:58:29, 75492, 90430
2021-08-16 11:58:30, 75492, 90835
2021-08-16 11:58:31, 75833, 91243
2021-08-16 11:58:32, 75833, 91243
2021-08-16 11:58:33, 75833, 91243
2021-08-16 11:58:34, 76522, 91243
2021-08-16 11:58:35, 75152, 90835
2021-08-16 11:58:36, 75492, 91243
2021-08-16 11:58:37, 76522, 91243
2021-08-16 11:58:38, 75492, 91243
2021-08-16 11:58:39, 75833, 91654
2021-08-16 11:58:40, 75833, 91654
2021-08-16 11:58:41, 76176, 90835
2021-08-16 11:58:42, 75492, 92067
2021-08-16 11:58:43, 75152, 92067
2021-08-16 11:58:44, 75492, 92067
2021-08-16 11:58:45, 75152, 92067
2021-08-16 11:58:46, 75152, 92067
2021-08-16 11:58:47, 75833, 92483
2021-08-16 11:58:48, 75833, 92483
2021-08-16 11:58:49, 75492, 92901
2021-08-16 11:58:50, 75152, 93745
2021-08-16 11:58:51, 75492, 92483
2021-08-16 11:58:52, 76522, 92901
2021-08-16 11:58:53, 75492, 92901
2021-08-16 11:58:54, 75492, 92901
2021-08-16 11:58:55, 75492, 92901
2021-08-16 11:58:56, 75833, 94171
2021-08-16 11:58:57, 76870, 93321
2021-08-16 11:58:58, 76870, 93745
2021-08-16 11:58:59, 74815, 93321
2021-08-16 11:59:00, 75833, 92901
2021-08-16 11:59:01, 75152, 93321
2021-08-16 11:59:02, 75492, 93321
2021-08-16 11:59:03, 75833, 93745
2021-08-16 11:59:04, 75492, 93321
2021-08-16 11:59:05, 75492, 94171
2021-08-16 11:59:06, 75833, 93745
2021-08-16 11:59:07, 75492, 93745
2021-08-16 11:59:08, 75833, 94171
2021-08-16 11:59:09, 75833, 94171
2021-08-16 11:59:10, 76522, 94171
2021-08-16 11:59:11, 75492, 95465
2021-08-16 11:59:12, 75492, 94600
2021-08-16 11:59:13, 76870, 95031
2021-08-16 11:59:14, 75492, 94600
2021-08-16 11:59:15, 76522, 94600
2021-08-16 11:59:16, 75833, 95031
2021-08-16 11:59:17, 75492, 95465
2021-08-16 11:59:18, 75492, 95465
2021-08-16 11:59:19, 75492, 95465
2021-08-16 11:59:20, 75492, 95465
2021-08-16 11:59:21, 75492, 95465
2021-08-16 11:59:22, 75492, 95902
2021-08-16 11:59:23, 75492, 95465
2021-08-16 11:59:24, 75492, 95465
2021-08-16 11:59:25, 75492, 95902
2021-08-16 11:59:26, 75833, 95902
2021-08-16 11:59:27, 75492, 95031
2021-08-16 11:59:28, 75492, 95465
2021-08-16 11:59:29, 74815, 95902
2021-08-16 11:59:30, 75833, 95902
2021-08-16 11:59:31, 75492, 95902
2021-08-16 11:59:32, 75833, 95902
2021-08-16 11:59:33, 76522, 96341
2021-08-16 11:59:34, 75492, 96341
2021-08-16 11:59:35, 75492, 96341
2021-08-16 11:59:36, 75833, 96784
2021-08-16 11:59:37, 75833, 96341
2021-08-16 11:59:38, 75492, 96784
2021-08-16 11:59:39, 75492, 96341
2021-08-16 11:59:40, 75492, 96341
2021-08-16 11:59:41, 75492, 96784
2021-08-16 11:59:42, 75492, 97229
2021-08-16 11:59:43, 75492, 96784
2021-08-16 11:59:44, 75492, 96784
2021-08-16 11:59:45, 75492, 96784
2021-08-16 11:59:46, 75492, 97229
2021-08-16 11:59:47, 75492, 97677
2021-08-16 11:59:48, 75152, 97229
2021-08-16 11:59:49, 75152, 98581
2021-08-16 11:59:50, 75833, 97677
2021-08-16 11:59:51, 75833, 97229
2021-08-16 11:59:52, 75833, 97229
2021-08-16 11:59:53, 75492, 97677
2021-08-16 11:59:54, 75492, 97677
2021-08-16 11:59:55, 75492, 97677
2021-08-16 11:59:56, 75492, 97677
2021-08-16 11:59:57, 75833, 97229
2021-08-16 11:59:58, 75492, 97677
2021-08-16 11:59:59, 75492, 97677
2021-08-16 12:00:00, 75152, 97229
2021-08-16 12:00:01, 75833, 97229
2021-08-16 12:00:02, 75833, 97229
2021-08-16 12:00:03, 75492, 97229
2021-08-16 12:00:04, 75833, 97229
2021-08-16 12:00:05, 75492, 97229
2021-08-16 12:00:06, 75833, 97229
2021-08-16 12:00:07, 75833, 97229
2021-08-16 12:00:08, 75833, 97229
2021-08-16 12:00:09, 75152, 97229
2021-08-16 12:00:10, 76870, 97229
2021-08-16 12:00:11, 75833, 97229
2021-08-16 12:00:12, 75833, 97229
2021-08-16 12:00:13, 75833, 97229
2021-08-16 12:00:14, 76176, 97677
2021-08-16 12:00:15, 75492, 97229
2021-08-16 12:00:16, 76870, 97229
2021-08-16 12:00:17, 75492, 96784
2021-08-16 12:00:18, 75833, 97229
2021-08-16 12:00:19, 75833, 97229
2021-08-16 12:00:20, 75833, 96784
2021-08-16 12:00:21, 76176, 97677
2021-08-16 12:00:22, 76176, 96784
2021-08-16 12:00:23, 75833, 96784
2021-08-16 12:00:24, 75833, 97677
2021-08-16 12:00:25, 75833, 97229
2021-08-16 12:00:26, 76176, 97229
2021-08-16 12:00:27, 76522, 97229
2021-08-16 12:00:28, 75833, 97229
2021-08-16 12:00:29, 75833, 96784
2021-08-16 12:00:30, 75833, 96784
2021-08-16 12:00:31, 75833, 96784
2021-08-16 12:00:32, 75833, 97229
2021-08-16 12:00:33, 75833, 96784
2021-08-16 12:00:34, 75492, 96784
2021-08-16 12:00:35, 75833, 96784
2021-08-16 12:00:36, 75833, 97677
2021-08-16 12:00:37, 75833, 96784
2021-08-16 12:00:38, 75833, 96784
2021-08-16 12:00:39, 76176, 96784
2021-08-16 12:00:40, 75492, 97677
2021-08-16 12:00:41, 75833, 96341
2021-08-16 12:00:42, 75833, 96341
2021-08-16 12:00:43, 75833, 96784
2021-08-16 12:00:44, 75492, 96784
2021-08-16 12:00:45, 75492, 96784
2021-08-16 12:00:46, 75492, 96784
2021-08-16 12:00:47, 75492, 96784
2021-08-16 12:00:48, 75152, 96784
2021-08-16 12:00:49, 75833, 96341
2021-08-16 12:00:50, 75833, 97677
2021-08-16 12:00:51, 75492, 96341
2021-08-16 12:00:52, 75833, 97229
2021-08-16 12:00:53, 75833, 96341
2021-08-16 12:00:54, 76176, 96341
2021-08-16 12:00:55, 75833, 96784
2021-08-16 12:00:56, 75833, 96341
2021-08-16 12:00:57, 75492, 96341
2021-08-16 12:00:58, 75833, 96341
2021-08-16 12:00:59, 75833, 96341
2021-08-16 12:01:00, 75833, 96341
2021-08-16 12:01:01, 75833, 96341
2021-08-16 12:01:02, 75492, 96784
2021-08-16 12:01:03, 76522, 96784
2021-08-16 12:01:04, 75833, 96341
2021-08-16 12:01:05, 75492, 96341
2021-08-16 12:01:06, 75492, 96341
2021-08-16 12:01:07, 75833, 96341
2021-08-16 12:01:08, 75833, 96341
2021-08-16 12:01:09, 75833, 97677
2021-08-16 12:01:10, 75833, 96784
2021-08-16 12:01:11, 75492, 96341
2021-08-16 12:01:12, 75492, 96784
2021-08-16 12:01:13, 75492, 96341
2021-08-16 12:01:14, 75833, 96341
2021-08-16 12:01:15, 75833, 96784
2021-08-16 12:01:16, 75492, 96784
2021-08-16 12:01:17, 75492, 96341
2021-08-16 12:01:18, 75492, 96784
2021-08-16 12:01:19, 75492, 96341
2021-08-16 12:01:20, 75492, 96341
2021-08-16 12:01:21, 75833, 96341
2021-08-16 12:01:22, 75492, 96784
2021-08-16 12:01:23, 75833, 96341
2021-08-16 12:01:24, 76522, 95902
2021-08-16 12:01:25, 75492, 95902
2021-08-16 12:01:26, 75492, 95902
2021-08-16 12:01:27, 75492, 95902
2021-08-16 12:01:28, 75833, 95902
2021-08-16 12:01:29, 75492, 95902
2021-08-16 12:01:30, 75492, 95902
2021-08-16 12:01:31, 75152, 95902
2021-08-16 12:01:32, 75492, 95902
2021-08-16 12:01:33, 75492, 95902
2021-08-16 12:01:34, 75492, 95902
2021-08-16 12:01:35, 75152, 95902
2021-08-16 12:01:36, 75492, 95902
2021-08-16 12:01:37, 75492, 95465
2021-08-16 12:01:38, 75833, 95902
2021-08-16 12:01:39, 75492, 96341
2021-08-16 12:01:40, 75833, 95902
2021-08-16 12:01:41, 75833, 95465
2021-08-16 12:01:42, 75492, 95902
2021-08-16 12:01:43, 75492, 95902
2021-08-16 12:01:44, 75492, 95902
2021-08-16 12:01:45, 75833, 95902
2021-08-16 12:01:46, 75833, 95902
2021-08-16 12:01:47, 75833, 95902
2021-08-16 12:01:48, 75492, 95465
2021-08-16 12:01:49, 75492, 95902
2021-08-16 12:01:50, 75833, 95902
2021-08-16 12:01:51, 75492, 95465
2021-08-16 12:01:52, 75833, 95465
2021-08-16 12:01:53, 75833, 95465
2021-08-16 12:01:54, 75492, 95465
2021-08-16 12:01:55, 75492, 95465
2021-08-16 12:01:56, 75833, 95902
2021-08-16 12:01:57, 75833, 95465
2021-08-16 12:01:58, 75492, 95902
2021-08-16 12:01:59, 75833, 95902
2021-08-16 12:02:00, 75492, 95465
2021-08-16 12:02:01, 75833, 95465
2021-08-16 12:02:02, 75833, 95465
2021-08-16 12:02:03, 75492, 95465
2021-08-16 12:02:04, 75833, 95465
2021-08-16 12:02:05, 75833, 95465
2021-08-16 12:02:06, 75833, 95465
2021-08-16 12:02:07, 75833, 95902
2021-08-16 12:02:08, 76176, 95902
2021-08-16 12:02:09, 75833, 95465
2021-08-16 12:02:10, 75833, 95465
2021-08-16 12:02:11, 75833, 95465
2021-08-16 12:02:12, 75492, 95031
2021-08-16 12:02:13, 75833, 95031
2021-08-16 12:02:14, 75833, 95031
2021-08-16 12:02:15, 75833, 95465
2021-08-16 12:02:16, 75833, 95031
2021-08-16 12:02:17, 75833, 95465
2021-08-16 12:02:18, 75492, 95465
2021-08-16 12:02:19, 75833, 95465
2021-08-16 12:02:20, 76176, 95465
2021-08-16 12:02:21, 75833, 95031
2021-08-16 12:02:22, 76176, 95031
2021-08-16 12:02:23, 75492, 95031
2021-08-16 12:02:24, 75492, 95902
2021-08-16 12:02:25, 75492, 95465
2021-08-16 12:02:26, 75833, 95465
2021-08-16 12:02:27, 75833, 95465
2021-08-16 12:02:28, 75833, 95465
2021-08-16 12:02:29, 75833, 95902
2021-08-16 12:02:30, 75833, 95465
2021-08-16 12:02:31, 76176, 95031
2021-08-16 12:02:32, 75492, 95031
2021-08-16 12:02:33, 75833, 95465
2021-08-16 12:02:34, 76176, 95031
2021-08-16 12:02:35, 76176, 95031
2021-08-16 12:02:36, 75833, 95465
2021-08-16 12:02:37, 75833, 95031
2021-08-16 12:02:38, 76176, 95465
2021-08-16 12:02:39, 76176, 95031
2021-08-16 12:02:40, 76176, 95031
2021-08-16 12:02:41, 76176, 95031
2021-08-16 12:02:42, 76176, 95465
2021-08-16 12:02:43, 76176, 95902
2021-08-16 12:02:44, 76176, 95031
2021-08-16 12:02:45, 76176, 95465
2021-08-16 12:02:46, 76176, 95465
2021-08-16 12:02:47, 76176, 95465
2021-08-16 12:02:48, 76522, 95031
2021-08-16 12:02:49, 76522, 95031
2021-08-16 12:02:50, 76522, 95465
2021-08-16 12:02:51, 76176, 95031
2021-08-16 12:02:52, 76176, 95031
2021-08-16 12:02:53, 76176, 95465
2021-08-16 12:02:54, 76176, 95031
2021-08-16 12:02:55, 76176, 95031
2021-08-16 12:02:56, 75833, 95031
2021-08-16 12:02:57, 76176, 95031
2021-08-16 12:02:58, 76176, 95031
2021-08-16 12:02:59, 76522, 95465
2021-08-16 12:03:00, 76176, 95031
2021-08-16 12:03:01, 75833, 95465
2021-08-16 12:03:02, 76176, 95031
2021-08-16 12:03:03, 76176, 95031
2021-08-16 12:03:04, 75833, 95031
2021-08-16 12:03:05, 75833, 95031
2021-08-16 12:03:06, 75833, 95465
2021-08-16 12:03:07, 75833, 95465
2021-08-16 12:03:08, 75833, 95031
2021-08-16 12:03:09, 76176, 95031
2021-08-16 12:03:10, 76176, 95031
2021-08-16 12:03:11, 76176, 95031
2021-08-16 12:03:12, 76176, 95031
2021-08-16 12:03:13, 76176, 95031
2021-08-16 12:03:14, 75833, 95465
2021-08-16 12:03:15, 75833, 95031
2021-08-16 12:03:16, 76522, 95031
2021-08-16 12:03:17, 76522, 95031
2021-08-16 12:03:18, 76522, 95031
2021-08-16 12:03:19, 76176, 95031
2021-08-16 12:03:20, 76176, 95465
2021-08-16 12:03:21, 75833, 94600
2021-08-16 12:03:22, 76176, 95031
2021-08-16 12:03:23, 76176, 94600
2021-08-16 12:03:24, 76176, 95031
2021-08-16 12:03:25, 76176, 94600
2021-08-16 12:03:26, 76176, 94600
2021-08-16 12:03:27, 76522, 94600
2021-08-16 12:03:28, 76870, 95031
2021-08-16 12:03:29, 75833, 94600
2021-08-16 12:03:30, 76176, 95031
2021-08-16 12:03:31, 76176, 95031
2021-08-16 12:03:32, 76176, 95031
2021-08-16 12:03:33, 76522, 95031
2021-08-16 12:03:34, 76522, 94600
2021-08-16 12:03:35, 75833, 95031
2021-08-16 12:03:36, 76176, 94600
2021-08-16 12:03:37, 76176, 94600
2021-08-16 12:03:38, 76176, 94600
2021-08-16 12:03:39, 76176, 95031
2021-08-16 12:03:40, 75833, 95031
2021-08-16 12:03:41, 75833, 95031
2021-08-16 12:03:42, 76176, 94600
2021-08-16 12:03:43, 76176, 95031
2021-08-16 12:03:44, 76176, 95031
2021-08-16 12:03:45, 76176, 95031
2021-08-16 12:03:46, 75833, 94600
2021-08-16 12:03:47, 75833, 95902
2021-08-16 12:03:48, 76176, 95902
